[2026-01-23T16:49:30.340+0000] {processor.py:161} INFO - Started process (PID=216) to work on /opt/airflow/dags/bronze_ingestion.py
[2026-01-23T16:49:30.342+0000] {processor.py:830} INFO - Processing file /opt/airflow/dags/bronze_ingestion.py for tasks to queue
[2026-01-23T16:49:30.343+0000] {logging_mixin.py:188} INFO - [2026-01-23T16:49:30.343+0000] {dagbag.py:538} INFO - Filling up the DagBag from /opt/airflow/dags/bronze_ingestion.py
[2026-01-23T16:49:32.833+0000] {logging_mixin.py:188} INFO - [2026-01-23T16:49:32.828+0000] {dagbag.py:348} ERROR - Failed to import: /opt/airflow/dags/bronze_ingestion.py
Traceback (most recent call last):
  File "/home/airflow/.local/lib/python3.8/site-packages/airflow/models/dagbag.py", line 344, in parse
    loader.exec_module(new_module)
  File "<frozen importlib._bootstrap_external>", line 843, in exec_module
  File "<frozen importlib._bootstrap>", line 219, in _call_with_frames_removed
  File "/opt/airflow/dags/bronze_ingestion.py", line 72, in <module>
    load_btc_data()
  File "/home/airflow/.local/lib/python3.8/site-packages/airflow/models/dag.py", line 3944, in factory
    f(**f_kwargs)
  File "/opt/airflow/dags/bronze_ingestion.py", line 61, in load_btc_data
    bronze_task = fetch_and_save()
NameError: name 'fetch_and_save' is not defined
[2026-01-23T16:49:32.833+0000] {processor.py:842} WARNING - No viable dags retrieved from /opt/airflow/dags/bronze_ingestion.py
[2026-01-23T16:49:32.874+0000] {processor.py:183} INFO - Processing /opt/airflow/dags/bronze_ingestion.py took 2.539 seconds
[2026-01-23T16:50:03.207+0000] {processor.py:161} INFO - Started process (PID=242) to work on /opt/airflow/dags/bronze_ingestion.py
[2026-01-23T16:50:03.208+0000] {processor.py:830} INFO - Processing file /opt/airflow/dags/bronze_ingestion.py for tasks to queue
[2026-01-23T16:50:03.209+0000] {logging_mixin.py:188} INFO - [2026-01-23T16:50:03.209+0000] {dagbag.py:538} INFO - Filling up the DagBag from /opt/airflow/dags/bronze_ingestion.py
[2026-01-23T16:50:04.332+0000] {logging_mixin.py:188} INFO - [2026-01-23T16:50:04.329+0000] {dagbag.py:348} ERROR - Failed to import: /opt/airflow/dags/bronze_ingestion.py
Traceback (most recent call last):
  File "/home/airflow/.local/lib/python3.8/site-packages/airflow/models/dagbag.py", line 344, in parse
    loader.exec_module(new_module)
  File "<frozen importlib._bootstrap_external>", line 843, in exec_module
  File "<frozen importlib._bootstrap>", line 219, in _call_with_frames_removed
  File "/opt/airflow/dags/bronze_ingestion.py", line 72, in <module>
    load_btc_data()
  File "/home/airflow/.local/lib/python3.8/site-packages/airflow/models/dag.py", line 3944, in factory
    f(**f_kwargs)
  File "/opt/airflow/dags/bronze_ingestion.py", line 61, in load_btc_data
    bronze_task = fetch_and_save()
NameError: name 'fetch_and_save' is not defined
[2026-01-23T16:50:04.333+0000] {processor.py:842} WARNING - No viable dags retrieved from /opt/airflow/dags/bronze_ingestion.py
[2026-01-23T16:50:04.366+0000] {processor.py:183} INFO - Processing /opt/airflow/dags/bronze_ingestion.py took 1.164 seconds
[2026-01-23T16:50:34.645+0000] {processor.py:161} INFO - Started process (PID=258) to work on /opt/airflow/dags/bronze_ingestion.py
[2026-01-23T16:50:34.646+0000] {processor.py:830} INFO - Processing file /opt/airflow/dags/bronze_ingestion.py for tasks to queue
[2026-01-23T16:50:34.647+0000] {logging_mixin.py:188} INFO - [2026-01-23T16:50:34.647+0000] {dagbag.py:538} INFO - Filling up the DagBag from /opt/airflow/dags/bronze_ingestion.py
[2026-01-23T16:50:35.247+0000] {logging_mixin.py:188} INFO - [2026-01-23T16:50:35.245+0000] {dagbag.py:348} ERROR - Failed to import: /opt/airflow/dags/bronze_ingestion.py
Traceback (most recent call last):
  File "/home/airflow/.local/lib/python3.8/site-packages/airflow/models/dagbag.py", line 344, in parse
    loader.exec_module(new_module)
  File "<frozen importlib._bootstrap_external>", line 843, in exec_module
  File "<frozen importlib._bootstrap>", line 219, in _call_with_frames_removed
  File "/opt/airflow/dags/bronze_ingestion.py", line 72, in <module>
    load_btc_data()
  File "/home/airflow/.local/lib/python3.8/site-packages/airflow/models/dag.py", line 3944, in factory
    f(**f_kwargs)
  File "/opt/airflow/dags/bronze_ingestion.py", line 61, in load_btc_data
    bronze_task = fetch_and_save()
NameError: name 'fetch_and_save' is not defined
[2026-01-23T16:50:35.248+0000] {processor.py:842} WARNING - No viable dags retrieved from /opt/airflow/dags/bronze_ingestion.py
[2026-01-23T16:50:35.275+0000] {processor.py:183} INFO - Processing /opt/airflow/dags/bronze_ingestion.py took 0.634 seconds
[2026-01-23T16:50:35.882+0000] {processor.py:161} INFO - Started process (PID=264) to work on /opt/airflow/dags/bronze_ingestion.py
[2026-01-23T16:50:35.883+0000] {processor.py:830} INFO - Processing file /opt/airflow/dags/bronze_ingestion.py for tasks to queue
[2026-01-23T16:50:35.885+0000] {logging_mixin.py:188} INFO - [2026-01-23T16:50:35.884+0000] {dagbag.py:538} INFO - Filling up the DagBag from /opt/airflow/dags/bronze_ingestion.py
[2026-01-23T16:50:35.891+0000] {logging_mixin.py:188} INFO - [2026-01-23T16:50:35.890+0000] {dagbag.py:348} ERROR - Failed to import: /opt/airflow/dags/bronze_ingestion.py
Traceback (most recent call last):
  File "/home/airflow/.local/lib/python3.8/site-packages/airflow/models/dagbag.py", line 344, in parse
    loader.exec_module(new_module)
  File "<frozen importlib._bootstrap_external>", line 839, in exec_module
  File "<frozen importlib._bootstrap_external>", line 976, in get_code
  File "<frozen importlib._bootstrap_external>", line 906, in source_to_code
  File "<frozen importlib._bootstrap>", line 219, in _call_with_frames_removed
  File "/opt/airflow/dags/bronze_ingestion.py", line 48
    data_collection_api()
                        ^
IndentationError: unindent does not match any outer indentation level
[2026-01-23T16:50:35.891+0000] {processor.py:842} WARNING - No viable dags retrieved from /opt/airflow/dags/bronze_ingestion.py
[2026-01-23T16:50:35.938+0000] {processor.py:183} INFO - Processing /opt/airflow/dags/bronze_ingestion.py took 0.060 seconds
[2026-01-23T16:51:06.142+0000] {processor.py:161} INFO - Started process (PID=279) to work on /opt/airflow/dags/bronze_ingestion.py
[2026-01-23T16:51:06.143+0000] {processor.py:830} INFO - Processing file /opt/airflow/dags/bronze_ingestion.py for tasks to queue
[2026-01-23T16:51:06.144+0000] {logging_mixin.py:188} INFO - [2026-01-23T16:51:06.144+0000] {dagbag.py:538} INFO - Filling up the DagBag from /opt/airflow/dags/bronze_ingestion.py
[2026-01-23T16:51:06.150+0000] {logging_mixin.py:188} INFO - [2026-01-23T16:51:06.149+0000] {dagbag.py:348} ERROR - Failed to import: /opt/airflow/dags/bronze_ingestion.py
Traceback (most recent call last):
  File "/home/airflow/.local/lib/python3.8/site-packages/airflow/models/dagbag.py", line 344, in parse
    loader.exec_module(new_module)
  File "<frozen importlib._bootstrap_external>", line 839, in exec_module
  File "<frozen importlib._bootstrap_external>", line 976, in get_code
  File "<frozen importlib._bootstrap_external>", line 906, in source_to_code
  File "<frozen importlib._bootstrap>", line 219, in _call_with_frames_removed
  File "/opt/airflow/dags/bronze_ingestion.py", line 25
    response = requests.get(
    ^
IndentationError: unexpected indent
[2026-01-23T16:51:06.150+0000] {processor.py:842} WARNING - No viable dags retrieved from /opt/airflow/dags/bronze_ingestion.py
[2026-01-23T16:51:06.185+0000] {processor.py:183} INFO - Processing /opt/airflow/dags/bronze_ingestion.py took 0.048 seconds
[2026-01-23T16:51:13.185+0000] {processor.py:161} INFO - Started process (PID=284) to work on /opt/airflow/dags/bronze_ingestion.py
[2026-01-23T16:51:13.186+0000] {processor.py:830} INFO - Processing file /opt/airflow/dags/bronze_ingestion.py for tasks to queue
[2026-01-23T16:51:13.187+0000] {logging_mixin.py:188} INFO - [2026-01-23T16:51:13.187+0000] {dagbag.py:538} INFO - Filling up the DagBag from /opt/airflow/dags/bronze_ingestion.py
[2026-01-23T16:51:13.193+0000] {logging_mixin.py:188} INFO - [2026-01-23T16:51:13.192+0000] {dagbag.py:348} ERROR - Failed to import: /opt/airflow/dags/bronze_ingestion.py
Traceback (most recent call last):
  File "/home/airflow/.local/lib/python3.8/site-packages/airflow/models/dagbag.py", line 344, in parse
    loader.exec_module(new_module)
  File "<frozen importlib._bootstrap_external>", line 839, in exec_module
  File "<frozen importlib._bootstrap_external>", line 976, in get_code
  File "<frozen importlib._bootstrap_external>", line 906, in source_to_code
  File "<frozen importlib._bootstrap>", line 219, in _call_with_frames_removed
  File "/opt/airflow/dags/bronze_ingestion.py", line 26
    response = requests.get(
    ^
IndentationError: unexpected indent
[2026-01-23T16:51:13.194+0000] {processor.py:842} WARNING - No viable dags retrieved from /opt/airflow/dags/bronze_ingestion.py
[2026-01-23T16:51:13.226+0000] {processor.py:183} INFO - Processing /opt/airflow/dags/bronze_ingestion.py took 0.045 seconds
[2026-01-23T16:51:15.288+0000] {processor.py:161} INFO - Started process (PID=289) to work on /opt/airflow/dags/bronze_ingestion.py
[2026-01-23T16:51:15.289+0000] {processor.py:830} INFO - Processing file /opt/airflow/dags/bronze_ingestion.py for tasks to queue
[2026-01-23T16:51:15.290+0000] {logging_mixin.py:188} INFO - [2026-01-23T16:51:15.290+0000] {dagbag.py:538} INFO - Filling up the DagBag from /opt/airflow/dags/bronze_ingestion.py
[2026-01-23T16:51:15.298+0000] {logging_mixin.py:188} INFO - [2026-01-23T16:51:15.297+0000] {dagbag.py:348} ERROR - Failed to import: /opt/airflow/dags/bronze_ingestion.py
Traceback (most recent call last):
  File "/home/airflow/.local/lib/python3.8/site-packages/airflow/models/dagbag.py", line 344, in parse
    loader.exec_module(new_module)
  File "<frozen importlib._bootstrap_external>", line 839, in exec_module
  File "<frozen importlib._bootstrap_external>", line 976, in get_code
  File "<frozen importlib._bootstrap_external>", line 906, in source_to_code
  File "<frozen importlib._bootstrap>", line 219, in _call_with_frames_removed
  File "/opt/airflow/dags/bronze_ingestion.py", line 48
    data_collection_api()
                        ^
IndentationError: unindent does not match any outer indentation level
[2026-01-23T16:51:15.299+0000] {processor.py:842} WARNING - No viable dags retrieved from /opt/airflow/dags/bronze_ingestion.py
[2026-01-23T16:51:15.336+0000] {processor.py:183} INFO - Processing /opt/airflow/dags/bronze_ingestion.py took 0.053 seconds
[2026-01-23T16:51:17.313+0000] {processor.py:161} INFO - Started process (PID=294) to work on /opt/airflow/dags/bronze_ingestion.py
[2026-01-23T16:51:17.315+0000] {processor.py:830} INFO - Processing file /opt/airflow/dags/bronze_ingestion.py for tasks to queue
[2026-01-23T16:51:17.316+0000] {logging_mixin.py:188} INFO - [2026-01-23T16:51:17.316+0000] {dagbag.py:538} INFO - Filling up the DagBag from /opt/airflow/dags/bronze_ingestion.py
[2026-01-23T16:51:17.977+0000] {logging_mixin.py:188} INFO - [2026-01-23T16:51:17.972+0000] {dagbag.py:348} ERROR - Failed to import: /opt/airflow/dags/bronze_ingestion.py
Traceback (most recent call last):
  File "/home/airflow/.local/lib/python3.8/site-packages/airflow/models/dagbag.py", line 344, in parse
    loader.exec_module(new_module)
  File "<frozen importlib._bootstrap_external>", line 843, in exec_module
  File "<frozen importlib._bootstrap>", line 219, in _call_with_frames_removed
  File "/opt/airflow/dags/bronze_ingestion.py", line 72, in <module>
    load_btc_data()
  File "/home/airflow/.local/lib/python3.8/site-packages/airflow/models/dag.py", line 3944, in factory
    f(**f_kwargs)
  File "/opt/airflow/dags/bronze_ingestion.py", line 61, in load_btc_data
    bronze_task = fetch_and_save()
NameError: name 'fetch_and_save' is not defined
[2026-01-23T16:51:17.978+0000] {processor.py:842} WARNING - No viable dags retrieved from /opt/airflow/dags/bronze_ingestion.py
[2026-01-23T16:51:18.046+0000] {processor.py:183} INFO - Processing /opt/airflow/dags/bronze_ingestion.py took 0.738 seconds
[2026-01-23T16:51:25.156+0000] {processor.py:161} INFO - Started process (PID=300) to work on /opt/airflow/dags/bronze_ingestion.py
[2026-01-23T16:51:25.160+0000] {processor.py:830} INFO - Processing file /opt/airflow/dags/bronze_ingestion.py for tasks to queue
[2026-01-23T16:51:25.162+0000] {logging_mixin.py:188} INFO - [2026-01-23T16:51:25.161+0000] {dagbag.py:538} INFO - Filling up the DagBag from /opt/airflow/dags/bronze_ingestion.py
[2026-01-23T16:51:25.169+0000] {logging_mixin.py:188} INFO - [2026-01-23T16:51:25.168+0000] {dagbag.py:348} ERROR - Failed to import: /opt/airflow/dags/bronze_ingestion.py
Traceback (most recent call last):
  File "/home/airflow/.local/lib/python3.8/site-packages/airflow/models/dagbag.py", line 344, in parse
    loader.exec_module(new_module)
  File "<frozen importlib._bootstrap_external>", line 839, in exec_module
  File "<frozen importlib._bootstrap_external>", line 976, in get_code
  File "<frozen importlib._bootstrap_external>", line 906, in source_to_code
  File "<frozen importlib._bootstrap>", line 219, in _call_with_frames_removed
  File "/opt/airflow/dags/bronze_ingestion.py", line 27
    response = requests.get(
    ^
IndentationError: unexpected indent
[2026-01-23T16:51:25.171+0000] {processor.py:842} WARNING - No viable dags retrieved from /opt/airflow/dags/bronze_ingestion.py
[2026-01-23T16:51:25.212+0000] {processor.py:183} INFO - Processing /opt/airflow/dags/bronze_ingestion.py took 0.064 seconds
[2026-01-23T16:51:35.556+0000] {processor.py:161} INFO - Started process (PID=315) to work on /opt/airflow/dags/bronze_ingestion.py
[2026-01-23T16:51:35.557+0000] {processor.py:830} INFO - Processing file /opt/airflow/dags/bronze_ingestion.py for tasks to queue
[2026-01-23T16:51:35.559+0000] {logging_mixin.py:188} INFO - [2026-01-23T16:51:35.559+0000] {dagbag.py:538} INFO - Filling up the DagBag from /opt/airflow/dags/bronze_ingestion.py
[2026-01-23T16:51:35.568+0000] {logging_mixin.py:188} INFO - [2026-01-23T16:51:35.565+0000] {dagbag.py:348} ERROR - Failed to import: /opt/airflow/dags/bronze_ingestion.py
Traceback (most recent call last):
  File "/home/airflow/.local/lib/python3.8/site-packages/airflow/models/dagbag.py", line 344, in parse
    loader.exec_module(new_module)
  File "<frozen importlib._bootstrap_external>", line 839, in exec_module
  File "<frozen importlib._bootstrap_external>", line 976, in get_code
  File "<frozen importlib._bootstrap_external>", line 906, in source_to_code
  File "<frozen importlib._bootstrap>", line 219, in _call_with_frames_removed
  File "/opt/airflow/dags/bronze_ingestion.py", line 27
    response = requests.get(
    ^
IndentationError: unexpected indent
[2026-01-23T16:51:35.569+0000] {processor.py:842} WARNING - No viable dags retrieved from /opt/airflow/dags/bronze_ingestion.py
[2026-01-23T16:51:35.626+0000] {processor.py:183} INFO - Processing /opt/airflow/dags/bronze_ingestion.py took 0.078 seconds
[2026-01-23T16:51:45.732+0000] {processor.py:161} INFO - Started process (PID=320) to work on /opt/airflow/dags/bronze_ingestion.py
[2026-01-23T16:51:45.734+0000] {processor.py:830} INFO - Processing file /opt/airflow/dags/bronze_ingestion.py for tasks to queue
[2026-01-23T16:51:45.737+0000] {logging_mixin.py:188} INFO - [2026-01-23T16:51:45.736+0000] {dagbag.py:538} INFO - Filling up the DagBag from /opt/airflow/dags/bronze_ingestion.py
[2026-01-23T16:51:45.746+0000] {logging_mixin.py:188} INFO - [2026-01-23T16:51:45.745+0000] {dagbag.py:348} ERROR - Failed to import: /opt/airflow/dags/bronze_ingestion.py
Traceback (most recent call last):
  File "/home/airflow/.local/lib/python3.8/site-packages/airflow/models/dagbag.py", line 344, in parse
    loader.exec_module(new_module)
  File "<frozen importlib._bootstrap_external>", line 839, in exec_module
  File "<frozen importlib._bootstrap_external>", line 976, in get_code
  File "<frozen importlib._bootstrap_external>", line 906, in source_to_code
  File "<frozen importlib._bootstrap>", line 219, in _call_with_frames_removed
  File "/opt/airflow/dags/bronze_ingestion.py", line 31
    if response.status_code != 200:
    ^
IndentationError: unexpected indent
[2026-01-23T16:51:45.747+0000] {processor.py:842} WARNING - No viable dags retrieved from /opt/airflow/dags/bronze_ingestion.py
[2026-01-23T16:51:45.794+0000] {processor.py:183} INFO - Processing /opt/airflow/dags/bronze_ingestion.py took 0.069 seconds
[2026-01-23T16:51:49.762+0000] {processor.py:161} INFO - Started process (PID=325) to work on /opt/airflow/dags/bronze_ingestion.py
[2026-01-23T16:51:49.764+0000] {processor.py:830} INFO - Processing file /opt/airflow/dags/bronze_ingestion.py for tasks to queue
[2026-01-23T16:51:49.767+0000] {logging_mixin.py:188} INFO - [2026-01-23T16:51:49.766+0000] {dagbag.py:538} INFO - Filling up the DagBag from /opt/airflow/dags/bronze_ingestion.py
[2026-01-23T16:51:49.777+0000] {logging_mixin.py:188} INFO - [2026-01-23T16:51:49.776+0000] {dagbag.py:348} ERROR - Failed to import: /opt/airflow/dags/bronze_ingestion.py
Traceback (most recent call last):
  File "/home/airflow/.local/lib/python3.8/site-packages/airflow/models/dagbag.py", line 344, in parse
    loader.exec_module(new_module)
  File "<frozen importlib._bootstrap_external>", line 839, in exec_module
  File "<frozen importlib._bootstrap_external>", line 976, in get_code
  File "<frozen importlib._bootstrap_external>", line 906, in source_to_code
  File "<frozen importlib._bootstrap>", line 219, in _call_with_frames_removed
  File "/opt/airflow/dags/bronze_ingestion.py", line 31
    if response.status_code != 200:
    ^
IndentationError: unexpected indent
[2026-01-23T16:51:49.778+0000] {processor.py:842} WARNING - No viable dags retrieved from /opt/airflow/dags/bronze_ingestion.py
[2026-01-23T16:51:49.818+0000] {processor.py:183} INFO - Processing /opt/airflow/dags/bronze_ingestion.py took 0.061 seconds
[2026-01-23T16:51:54.909+0000] {processor.py:161} INFO - Started process (PID=330) to work on /opt/airflow/dags/bronze_ingestion.py
[2026-01-23T16:51:54.910+0000] {processor.py:830} INFO - Processing file /opt/airflow/dags/bronze_ingestion.py for tasks to queue
[2026-01-23T16:51:54.911+0000] {logging_mixin.py:188} INFO - [2026-01-23T16:51:54.911+0000] {dagbag.py:538} INFO - Filling up the DagBag from /opt/airflow/dags/bronze_ingestion.py
[2026-01-23T16:51:54.917+0000] {logging_mixin.py:188} INFO - [2026-01-23T16:51:54.916+0000] {dagbag.py:348} ERROR - Failed to import: /opt/airflow/dags/bronze_ingestion.py
Traceback (most recent call last):
  File "/home/airflow/.local/lib/python3.8/site-packages/airflow/models/dagbag.py", line 344, in parse
    loader.exec_module(new_module)
  File "<frozen importlib._bootstrap_external>", line 839, in exec_module
  File "<frozen importlib._bootstrap_external>", line 976, in get_code
  File "<frozen importlib._bootstrap_external>", line 906, in source_to_code
  File "<frozen importlib._bootstrap>", line 219, in _call_with_frames_removed
  File "/opt/airflow/dags/bronze_ingestion.py", line 34
    data = response.json()
                         ^
IndentationError: unindent does not match any outer indentation level
[2026-01-23T16:51:54.917+0000] {processor.py:842} WARNING - No viable dags retrieved from /opt/airflow/dags/bronze_ingestion.py
[2026-01-23T16:51:54.960+0000] {processor.py:183} INFO - Processing /opt/airflow/dags/bronze_ingestion.py took 0.054 seconds
[2026-01-23T16:52:22.241+0000] {processor.py:161} INFO - Started process (PID=345) to work on /opt/airflow/dags/bronze_ingestion.py
[2026-01-23T16:52:22.242+0000] {processor.py:830} INFO - Processing file /opt/airflow/dags/bronze_ingestion.py for tasks to queue
[2026-01-23T16:52:22.243+0000] {logging_mixin.py:188} INFO - [2026-01-23T16:52:22.243+0000] {dagbag.py:538} INFO - Filling up the DagBag from /opt/airflow/dags/bronze_ingestion.py
[2026-01-23T16:52:22.249+0000] {logging_mixin.py:188} INFO - [2026-01-23T16:52:22.248+0000] {dagbag.py:348} ERROR - Failed to import: /opt/airflow/dags/bronze_ingestion.py
Traceback (most recent call last):
  File "/home/airflow/.local/lib/python3.8/site-packages/airflow/models/dagbag.py", line 344, in parse
    loader.exec_module(new_module)
  File "<frozen importlib._bootstrap_external>", line 839, in exec_module
  File "<frozen importlib._bootstrap_external>", line 976, in get_code
  File "<frozen importlib._bootstrap_external>", line 906, in source_to_code
  File "<frozen importlib._bootstrap>", line 219, in _call_with_frames_removed
  File "/opt/airflow/dags/bronze_ingestion.py", line 33
    return None
    ^
IndentationError: unexpected indent
[2026-01-23T16:52:22.250+0000] {processor.py:842} WARNING - No viable dags retrieved from /opt/airflow/dags/bronze_ingestion.py
[2026-01-23T16:52:22.285+0000] {processor.py:183} INFO - Processing /opt/airflow/dags/bronze_ingestion.py took 0.048 seconds
[2026-01-23T16:52:24.260+0000] {processor.py:161} INFO - Started process (PID=350) to work on /opt/airflow/dags/bronze_ingestion.py
[2026-01-23T16:52:24.261+0000] {processor.py:830} INFO - Processing file /opt/airflow/dags/bronze_ingestion.py for tasks to queue
[2026-01-23T16:52:24.262+0000] {logging_mixin.py:188} INFO - [2026-01-23T16:52:24.262+0000] {dagbag.py:538} INFO - Filling up the DagBag from /opt/airflow/dags/bronze_ingestion.py
[2026-01-23T16:52:24.268+0000] {logging_mixin.py:188} INFO - [2026-01-23T16:52:24.267+0000] {dagbag.py:348} ERROR - Failed to import: /opt/airflow/dags/bronze_ingestion.py
Traceback (most recent call last):
  File "/home/airflow/.local/lib/python3.8/site-packages/airflow/models/dagbag.py", line 344, in parse
    loader.exec_module(new_module)
  File "<frozen importlib._bootstrap_external>", line 839, in exec_module
  File "<frozen importlib._bootstrap_external>", line 976, in get_code
  File "<frozen importlib._bootstrap_external>", line 906, in source_to_code
  File "<frozen importlib._bootstrap>", line 219, in _call_with_frames_removed
  File "/opt/airflow/dags/bronze_ingestion.py", line 33
    return None
              ^
IndentationError: unindent does not match any outer indentation level
[2026-01-23T16:52:24.268+0000] {processor.py:842} WARNING - No viable dags retrieved from /opt/airflow/dags/bronze_ingestion.py
[2026-01-23T16:52:24.298+0000] {processor.py:183} INFO - Processing /opt/airflow/dags/bronze_ingestion.py took 0.042 seconds
[2026-01-23T16:52:27.368+0000] {processor.py:161} INFO - Started process (PID=355) to work on /opt/airflow/dags/bronze_ingestion.py
[2026-01-23T16:52:27.370+0000] {processor.py:830} INFO - Processing file /opt/airflow/dags/bronze_ingestion.py for tasks to queue
[2026-01-23T16:52:27.372+0000] {logging_mixin.py:188} INFO - [2026-01-23T16:52:27.371+0000] {dagbag.py:538} INFO - Filling up the DagBag from /opt/airflow/dags/bronze_ingestion.py
[2026-01-23T16:52:28.039+0000] {logging_mixin.py:188} INFO - [2026-01-23T16:52:28.031+0000] {dagbag.py:348} ERROR - Failed to import: /opt/airflow/dags/bronze_ingestion.py
Traceback (most recent call last):
  File "/home/airflow/.local/lib/python3.8/site-packages/airflow/models/dagbag.py", line 344, in parse
    loader.exec_module(new_module)
  File "<frozen importlib._bootstrap_external>", line 843, in exec_module
  File "<frozen importlib._bootstrap>", line 219, in _call_with_frames_removed
  File "/opt/airflow/dags/bronze_ingestion.py", line 72, in <module>
    load_btc_data()
  File "/home/airflow/.local/lib/python3.8/site-packages/airflow/models/dag.py", line 3944, in factory
    f(**f_kwargs)
  File "/opt/airflow/dags/bronze_ingestion.py", line 61, in load_btc_data
    bronze_task = fetch_and_save()
NameError: name 'fetch_and_save' is not defined
[2026-01-23T16:52:28.042+0000] {processor.py:842} WARNING - No viable dags retrieved from /opt/airflow/dags/bronze_ingestion.py
[2026-01-23T16:52:28.113+0000] {processor.py:183} INFO - Processing /opt/airflow/dags/bronze_ingestion.py took 0.752 seconds
[2026-01-23T16:52:29.187+0000] {processor.py:161} INFO - Started process (PID=361) to work on /opt/airflow/dags/bronze_ingestion.py
[2026-01-23T16:52:29.190+0000] {processor.py:830} INFO - Processing file /opt/airflow/dags/bronze_ingestion.py for tasks to queue
[2026-01-23T16:52:29.193+0000] {logging_mixin.py:188} INFO - [2026-01-23T16:52:29.192+0000] {dagbag.py:538} INFO - Filling up the DagBag from /opt/airflow/dags/bronze_ingestion.py
[2026-01-23T16:52:29.202+0000] {logging_mixin.py:188} INFO - [2026-01-23T16:52:29.201+0000] {dagbag.py:348} ERROR - Failed to import: /opt/airflow/dags/bronze_ingestion.py
Traceback (most recent call last):
  File "/home/airflow/.local/lib/python3.8/site-packages/airflow/models/dagbag.py", line 344, in parse
    loader.exec_module(new_module)
  File "<frozen importlib._bootstrap_external>", line 839, in exec_module
  File "<frozen importlib._bootstrap_external>", line 976, in get_code
  File "<frozen importlib._bootstrap_external>", line 906, in source_to_code
  File "<frozen importlib._bootstrap>", line 219, in _call_with_frames_removed
  File "/opt/airflow/dags/bronze_ingestion.py", line 35
    columns = [
    ^
IndentationError: unexpected indent
[2026-01-23T16:52:29.203+0000] {processor.py:842} WARNING - No viable dags retrieved from /opt/airflow/dags/bronze_ingestion.py
[2026-01-23T16:52:29.241+0000] {processor.py:183} INFO - Processing /opt/airflow/dags/bronze_ingestion.py took 0.061 seconds
[2026-01-23T16:52:32.206+0000] {processor.py:161} INFO - Started process (PID=366) to work on /opt/airflow/dags/bronze_ingestion.py
[2026-01-23T16:52:32.207+0000] {processor.py:830} INFO - Processing file /opt/airflow/dags/bronze_ingestion.py for tasks to queue
[2026-01-23T16:52:32.209+0000] {logging_mixin.py:188} INFO - [2026-01-23T16:52:32.208+0000] {dagbag.py:538} INFO - Filling up the DagBag from /opt/airflow/dags/bronze_ingestion.py
[2026-01-23T16:52:32.216+0000] {logging_mixin.py:188} INFO - [2026-01-23T16:52:32.215+0000] {dagbag.py:348} ERROR - Failed to import: /opt/airflow/dags/bronze_ingestion.py
Traceback (most recent call last):
  File "/home/airflow/.local/lib/python3.8/site-packages/airflow/models/dagbag.py", line 344, in parse
    loader.exec_module(new_module)
  File "<frozen importlib._bootstrap_external>", line 839, in exec_module
  File "<frozen importlib._bootstrap_external>", line 976, in get_code
  File "<frozen importlib._bootstrap_external>", line 906, in source_to_code
  File "<frozen importlib._bootstrap>", line 219, in _call_with_frames_removed
  File "/opt/airflow/dags/bronze_ingestion.py", line 40
    df = pd.DataFrame(data, columns=columns)
    ^
IndentationError: unexpected indent
[2026-01-23T16:52:32.217+0000] {processor.py:842} WARNING - No viable dags retrieved from /opt/airflow/dags/bronze_ingestion.py
[2026-01-23T16:52:32.258+0000] {processor.py:183} INFO - Processing /opt/airflow/dags/bronze_ingestion.py took 0.057 seconds
[2026-01-23T16:52:35.415+0000] {processor.py:161} INFO - Started process (PID=381) to work on /opt/airflow/dags/bronze_ingestion.py
[2026-01-23T16:52:35.416+0000] {processor.py:830} INFO - Processing file /opt/airflow/dags/bronze_ingestion.py for tasks to queue
[2026-01-23T16:52:35.417+0000] {logging_mixin.py:188} INFO - [2026-01-23T16:52:35.417+0000] {dagbag.py:538} INFO - Filling up the DagBag from /opt/airflow/dags/bronze_ingestion.py
[2026-01-23T16:52:35.424+0000] {logging_mixin.py:188} INFO - [2026-01-23T16:52:35.423+0000] {dagbag.py:348} ERROR - Failed to import: /opt/airflow/dags/bronze_ingestion.py
Traceback (most recent call last):
  File "/home/airflow/.local/lib/python3.8/site-packages/airflow/models/dagbag.py", line 344, in parse
    loader.exec_module(new_module)
  File "<frozen importlib._bootstrap_external>", line 839, in exec_module
  File "<frozen importlib._bootstrap_external>", line 976, in get_code
  File "<frozen importlib._bootstrap_external>", line 906, in source_to_code
  File "<frozen importlib._bootstrap>", line 219, in _call_with_frames_removed
  File "/opt/airflow/dags/bronze_ingestion.py", line 41
    numeric_cols = ["open", "high", "low", "close", "volume",
    ^
IndentationError: unexpected indent
[2026-01-23T16:52:35.425+0000] {processor.py:842} WARNING - No viable dags retrieved from /opt/airflow/dags/bronze_ingestion.py
[2026-01-23T16:52:35.462+0000] {processor.py:183} INFO - Processing /opt/airflow/dags/bronze_ingestion.py took 0.052 seconds
[2026-01-23T16:52:37.445+0000] {processor.py:161} INFO - Started process (PID=386) to work on /opt/airflow/dags/bronze_ingestion.py
[2026-01-23T16:52:37.447+0000] {processor.py:830} INFO - Processing file /opt/airflow/dags/bronze_ingestion.py for tasks to queue
[2026-01-23T16:52:37.449+0000] {logging_mixin.py:188} INFO - [2026-01-23T16:52:37.448+0000] {dagbag.py:538} INFO - Filling up the DagBag from /opt/airflow/dags/bronze_ingestion.py
[2026-01-23T16:52:37.458+0000] {logging_mixin.py:188} INFO - [2026-01-23T16:52:37.456+0000] {dagbag.py:348} ERROR - Failed to import: /opt/airflow/dags/bronze_ingestion.py
Traceback (most recent call last):
  File "/home/airflow/.local/lib/python3.8/site-packages/airflow/models/dagbag.py", line 344, in parse
    loader.exec_module(new_module)
  File "<frozen importlib._bootstrap_external>", line 839, in exec_module
  File "<frozen importlib._bootstrap_external>", line 976, in get_code
  File "<frozen importlib._bootstrap_external>", line 906, in source_to_code
  File "<frozen importlib._bootstrap>", line 219, in _call_with_frames_removed
  File "/opt/airflow/dags/bronze_ingestion.py", line 43
    df[numeric_cols] = df[numeric_cols].astype(float)
    ^
IndentationError: unexpected indent
[2026-01-23T16:52:37.459+0000] {processor.py:842} WARNING - No viable dags retrieved from /opt/airflow/dags/bronze_ingestion.py
[2026-01-23T16:52:37.495+0000] {processor.py:183} INFO - Processing /opt/airflow/dags/bronze_ingestion.py took 0.057 seconds
[2026-01-23T16:52:39.518+0000] {processor.py:161} INFO - Started process (PID=391) to work on /opt/airflow/dags/bronze_ingestion.py
[2026-01-23T16:52:39.520+0000] {processor.py:830} INFO - Processing file /opt/airflow/dags/bronze_ingestion.py for tasks to queue
[2026-01-23T16:52:39.521+0000] {logging_mixin.py:188} INFO - [2026-01-23T16:52:39.520+0000] {dagbag.py:538} INFO - Filling up the DagBag from /opt/airflow/dags/bronze_ingestion.py
[2026-01-23T16:52:39.526+0000] {logging_mixin.py:188} INFO - [2026-01-23T16:52:39.526+0000] {dagbag.py:348} ERROR - Failed to import: /opt/airflow/dags/bronze_ingestion.py
Traceback (most recent call last):
  File "/home/airflow/.local/lib/python3.8/site-packages/airflow/models/dagbag.py", line 344, in parse
    loader.exec_module(new_module)
  File "<frozen importlib._bootstrap_external>", line 839, in exec_module
  File "<frozen importlib._bootstrap_external>", line 976, in get_code
  File "<frozen importlib._bootstrap_external>", line 906, in source_to_code
  File "<frozen importlib._bootstrap>", line 219, in _call_with_frames_removed
  File "/opt/airflow/dags/bronze_ingestion.py", line 44
    df["open_time"] = pd.to_datetime(df["open_time"], unit="ms").astype('datetime64[us]')
    ^
IndentationError: unexpected indent
[2026-01-23T16:52:39.527+0000] {processor.py:842} WARNING - No viable dags retrieved from /opt/airflow/dags/bronze_ingestion.py
[2026-01-23T16:52:39.565+0000] {processor.py:183} INFO - Processing /opt/airflow/dags/bronze_ingestion.py took 0.051 seconds
[2026-01-23T16:52:43.567+0000] {processor.py:161} INFO - Started process (PID=396) to work on /opt/airflow/dags/bronze_ingestion.py
[2026-01-23T16:52:43.568+0000] {processor.py:830} INFO - Processing file /opt/airflow/dags/bronze_ingestion.py for tasks to queue
[2026-01-23T16:52:43.570+0000] {logging_mixin.py:188} INFO - [2026-01-23T16:52:43.569+0000] {dagbag.py:538} INFO - Filling up the DagBag from /opt/airflow/dags/bronze_ingestion.py
[2026-01-23T16:52:43.576+0000] {logging_mixin.py:188} INFO - [2026-01-23T16:52:43.575+0000] {dagbag.py:348} ERROR - Failed to import: /opt/airflow/dags/bronze_ingestion.py
Traceback (most recent call last):
  File "/home/airflow/.local/lib/python3.8/site-packages/airflow/models/dagbag.py", line 344, in parse
    loader.exec_module(new_module)
  File "<frozen importlib._bootstrap_external>", line 839, in exec_module
  File "<frozen importlib._bootstrap_external>", line 976, in get_code
  File "<frozen importlib._bootstrap_external>", line 906, in source_to_code
  File "<frozen importlib._bootstrap>", line 219, in _call_with_frames_removed
  File "/opt/airflow/dags/bronze_ingestion.py", line 45
    df["close_time"] = pd.to_datetime(df["close_time"], unit="ms").astype('datetime64[us]')
    ^
IndentationError: unexpected indent
[2026-01-23T16:52:43.577+0000] {processor.py:842} WARNING - No viable dags retrieved from /opt/airflow/dags/bronze_ingestion.py
[2026-01-23T16:52:43.610+0000] {processor.py:183} INFO - Processing /opt/airflow/dags/bronze_ingestion.py took 0.050 seconds
[2026-01-23T16:52:45.640+0000] {processor.py:161} INFO - Started process (PID=401) to work on /opt/airflow/dags/bronze_ingestion.py
[2026-01-23T16:52:45.642+0000] {processor.py:830} INFO - Processing file /opt/airflow/dags/bronze_ingestion.py for tasks to queue
[2026-01-23T16:52:45.643+0000] {logging_mixin.py:188} INFO - [2026-01-23T16:52:45.643+0000] {dagbag.py:538} INFO - Filling up the DagBag from /opt/airflow/dags/bronze_ingestion.py
[2026-01-23T16:52:45.650+0000] {logging_mixin.py:188} INFO - [2026-01-23T16:52:45.649+0000] {dagbag.py:348} ERROR - Failed to import: /opt/airflow/dags/bronze_ingestion.py
Traceback (most recent call last):
  File "/home/airflow/.local/lib/python3.8/site-packages/airflow/models/dagbag.py", line 344, in parse
    loader.exec_module(new_module)
  File "<frozen importlib._bootstrap_external>", line 839, in exec_module
  File "<frozen importlib._bootstrap_external>", line 976, in get_code
  File "<frozen importlib._bootstrap_external>", line 906, in source_to_code
  File "<frozen importlib._bootstrap>", line 219, in _call_with_frames_removed
  File "/opt/airflow/dags/bronze_ingestion.py", line 46
    return df
    ^
IndentationError: unexpected indent
[2026-01-23T16:52:45.651+0000] {processor.py:842} WARNING - No viable dags retrieved from /opt/airflow/dags/bronze_ingestion.py
[2026-01-23T16:52:45.701+0000] {processor.py:183} INFO - Processing /opt/airflow/dags/bronze_ingestion.py took 0.068 seconds
[2026-01-23T16:52:47.678+0000] {processor.py:161} INFO - Started process (PID=406) to work on /opt/airflow/dags/bronze_ingestion.py
[2026-01-23T16:52:47.684+0000] {processor.py:830} INFO - Processing file /opt/airflow/dags/bronze_ingestion.py for tasks to queue
[2026-01-23T16:52:47.685+0000] {logging_mixin.py:188} INFO - [2026-01-23T16:52:47.685+0000] {dagbag.py:538} INFO - Filling up the DagBag from /opt/airflow/dags/bronze_ingestion.py
[2026-01-23T16:52:47.692+0000] {logging_mixin.py:188} INFO - [2026-01-23T16:52:47.691+0000] {dagbag.py:348} ERROR - Failed to import: /opt/airflow/dags/bronze_ingestion.py
Traceback (most recent call last):
  File "/home/airflow/.local/lib/python3.8/site-packages/airflow/models/dagbag.py", line 344, in parse
    loader.exec_module(new_module)
  File "<frozen importlib._bootstrap_external>", line 839, in exec_module
  File "<frozen importlib._bootstrap_external>", line 976, in get_code
  File "<frozen importlib._bootstrap_external>", line 906, in source_to_code
  File "<frozen importlib._bootstrap>", line 219, in _call_with_frames_removed
  File "/opt/airflow/dags/bronze_ingestion.py", line 46
    return df
    ^
IndentationError: unexpected indent
[2026-01-23T16:52:47.692+0000] {processor.py:842} WARNING - No viable dags retrieved from /opt/airflow/dags/bronze_ingestion.py
[2026-01-23T16:52:47.729+0000] {processor.py:183} INFO - Processing /opt/airflow/dags/bronze_ingestion.py took 0.060 seconds
[2026-01-23T16:52:49.763+0000] {processor.py:161} INFO - Started process (PID=411) to work on /opt/airflow/dags/bronze_ingestion.py
[2026-01-23T16:52:49.765+0000] {processor.py:830} INFO - Processing file /opt/airflow/dags/bronze_ingestion.py for tasks to queue
[2026-01-23T16:52:49.767+0000] {logging_mixin.py:188} INFO - [2026-01-23T16:52:49.766+0000] {dagbag.py:538} INFO - Filling up the DagBag from /opt/airflow/dags/bronze_ingestion.py
[2026-01-23T16:52:49.776+0000] {logging_mixin.py:188} INFO - [2026-01-23T16:52:49.775+0000] {dagbag.py:348} ERROR - Failed to import: /opt/airflow/dags/bronze_ingestion.py
Traceback (most recent call last):
  File "/home/airflow/.local/lib/python3.8/site-packages/airflow/models/dagbag.py", line 344, in parse
    loader.exec_module(new_module)
  File "<frozen importlib._bootstrap_external>", line 839, in exec_module
  File "<frozen importlib._bootstrap_external>", line 976, in get_code
  File "<frozen importlib._bootstrap_external>", line 906, in source_to_code
  File "<frozen importlib._bootstrap>", line 219, in _call_with_frames_removed
  File "/opt/airflow/dags/bronze_ingestion.py", line 48
    data_collection_api()
    ^
IndentationError: unexpected indent
[2026-01-23T16:52:49.777+0000] {processor.py:842} WARNING - No viable dags retrieved from /opt/airflow/dags/bronze_ingestion.py
[2026-01-23T16:52:49.814+0000] {processor.py:183} INFO - Processing /opt/airflow/dags/bronze_ingestion.py took 0.055 seconds
[2026-01-23T16:52:55.814+0000] {processor.py:161} INFO - Started process (PID=416) to work on /opt/airflow/dags/bronze_ingestion.py
[2026-01-23T16:52:55.816+0000] {processor.py:830} INFO - Processing file /opt/airflow/dags/bronze_ingestion.py for tasks to queue
[2026-01-23T16:52:55.817+0000] {logging_mixin.py:188} INFO - [2026-01-23T16:52:55.817+0000] {dagbag.py:538} INFO - Filling up the DagBag from /opt/airflow/dags/bronze_ingestion.py
[2026-01-23T16:52:56.537+0000] {logging_mixin.py:188} INFO - [2026-01-23T16:52:56.533+0000] {dagbag.py:348} ERROR - Failed to import: /opt/airflow/dags/bronze_ingestion.py
Traceback (most recent call last):
  File "/home/airflow/.local/lib/python3.8/site-packages/airflow/models/dagbag.py", line 344, in parse
    loader.exec_module(new_module)
  File "<frozen importlib._bootstrap_external>", line 843, in exec_module
  File "<frozen importlib._bootstrap>", line 219, in _call_with_frames_removed
  File "/opt/airflow/dags/bronze_ingestion.py", line 71, in <module>
    load_btc_data()
  File "/home/airflow/.local/lib/python3.8/site-packages/airflow/models/dag.py", line 3944, in factory
    f(**f_kwargs)
  File "/opt/airflow/dags/bronze_ingestion.py", line 60, in load_btc_data
    bronze_task = fetch_and_save()
NameError: name 'fetch_and_save' is not defined
[2026-01-23T16:52:56.538+0000] {processor.py:842} WARNING - No viable dags retrieved from /opt/airflow/dags/bronze_ingestion.py
[2026-01-23T16:52:56.578+0000] {processor.py:183} INFO - Processing /opt/airflow/dags/bronze_ingestion.py took 0.769 seconds
[2026-01-23T16:53:20.922+0000] {processor.py:161} INFO - Started process (PID=432) to work on /opt/airflow/dags/bronze_ingestion.py
[2026-01-23T16:53:20.924+0000] {processor.py:830} INFO - Processing file /opt/airflow/dags/bronze_ingestion.py for tasks to queue
[2026-01-23T16:53:20.925+0000] {logging_mixin.py:188} INFO - [2026-01-23T16:53:20.925+0000] {dagbag.py:538} INFO - Filling up the DagBag from /opt/airflow/dags/bronze_ingestion.py
[2026-01-23T16:53:21.540+0000] {processor.py:840} INFO - DAG(s) 'btc_bronze_load' retrieved from /opt/airflow/dags/bronze_ingestion.py
[2026-01-23T16:53:21.706+0000] {logging_mixin.py:188} INFO - [2026-01-23T16:53:21.705+0000] {override.py:1769} INFO - Created Permission View: can edit on DAG:btc_bronze_load
[2026-01-23T16:53:21.721+0000] {logging_mixin.py:188} INFO - [2026-01-23T16:53:21.720+0000] {override.py:1769} INFO - Created Permission View: can delete on DAG:btc_bronze_load
[2026-01-23T16:53:21.731+0000] {logging_mixin.py:188} INFO - [2026-01-23T16:53:21.731+0000] {override.py:1769} INFO - Created Permission View: can read on DAG:btc_bronze_load
[2026-01-23T16:53:21.732+0000] {logging_mixin.py:188} INFO - [2026-01-23T16:53:21.732+0000] {dag.py:3036} INFO - Sync 1 DAGs
[2026-01-23T16:53:21.748+0000] {logging_mixin.py:188} INFO - [2026-01-23T16:53:21.747+0000] {dag.py:3058} INFO - Creating ORM DAG for btc_bronze_load
[2026-01-23T16:53:21.766+0000] {logging_mixin.py:188} INFO - [2026-01-23T16:53:21.766+0000] {dag.py:3823} INFO - Setting next_dagrun for btc_bronze_load to 2026-01-23 16:40:00+00:00, run_after=2026-01-23 16:50:00+00:00
[2026-01-23T16:53:21.803+0000] {processor.py:183} INFO - Processing /opt/airflow/dags/bronze_ingestion.py took 0.887 seconds
[2026-01-23T16:53:52.125+0000] {processor.py:161} INFO - Started process (PID=448) to work on /opt/airflow/dags/bronze_ingestion.py
[2026-01-23T16:53:52.127+0000] {processor.py:830} INFO - Processing file /opt/airflow/dags/bronze_ingestion.py for tasks to queue
[2026-01-23T16:53:52.129+0000] {logging_mixin.py:188} INFO - [2026-01-23T16:53:52.128+0000] {dagbag.py:538} INFO - Filling up the DagBag from /opt/airflow/dags/bronze_ingestion.py
[2026-01-23T16:53:52.719+0000] {processor.py:840} INFO - DAG(s) 'btc_bronze_load' retrieved from /opt/airflow/dags/bronze_ingestion.py
[2026-01-23T16:53:52.747+0000] {logging_mixin.py:188} INFO - [2026-01-23T16:53:52.747+0000] {dag.py:3036} INFO - Sync 1 DAGs
[2026-01-23T16:53:52.790+0000] {logging_mixin.py:188} INFO - [2026-01-23T16:53:52.790+0000] {dag.py:3823} INFO - Setting next_dagrun for btc_bronze_load to 2026-01-23 16:40:00+00:00, run_after=2026-01-23 16:50:00+00:00
[2026-01-23T16:53:52.811+0000] {processor.py:183} INFO - Processing /opt/airflow/dags/bronze_ingestion.py took 0.691 seconds
[2026-01-23T16:54:23.512+0000] {processor.py:161} INFO - Started process (PID=464) to work on /opt/airflow/dags/bronze_ingestion.py
[2026-01-23T16:54:23.513+0000] {processor.py:830} INFO - Processing file /opt/airflow/dags/bronze_ingestion.py for tasks to queue
[2026-01-23T16:54:23.514+0000] {logging_mixin.py:188} INFO - [2026-01-23T16:54:23.514+0000] {dagbag.py:538} INFO - Filling up the DagBag from /opt/airflow/dags/bronze_ingestion.py
[2026-01-23T16:54:24.094+0000] {processor.py:840} INFO - DAG(s) 'btc_bronze_load' retrieved from /opt/airflow/dags/bronze_ingestion.py
[2026-01-23T16:54:24.125+0000] {logging_mixin.py:188} INFO - [2026-01-23T16:54:24.124+0000] {dag.py:3036} INFO - Sync 1 DAGs
[2026-01-23T16:54:24.153+0000] {logging_mixin.py:188} INFO - [2026-01-23T16:54:24.153+0000] {dag.py:3823} INFO - Setting next_dagrun for btc_bronze_load to 2026-01-23 16:40:00+00:00, run_after=2026-01-23 16:50:00+00:00
[2026-01-23T16:54:24.193+0000] {processor.py:183} INFO - Processing /opt/airflow/dags/bronze_ingestion.py took 0.686 seconds
[2026-01-23T16:54:46.854+0000] {processor.py:161} INFO - Started process (PID=480) to work on /opt/airflow/dags/bronze_ingestion.py
[2026-01-23T16:54:46.855+0000] {processor.py:830} INFO - Processing file /opt/airflow/dags/bronze_ingestion.py for tasks to queue
[2026-01-23T16:54:46.856+0000] {logging_mixin.py:188} INFO - [2026-01-23T16:54:46.856+0000] {dagbag.py:538} INFO - Filling up the DagBag from /opt/airflow/dags/bronze_ingestion.py
[2026-01-23T16:54:47.395+0000] {processor.py:840} INFO - DAG(s) 'btc_bronze_load' retrieved from /opt/airflow/dags/bronze_ingestion.py
[2026-01-23T16:54:47.422+0000] {logging_mixin.py:188} INFO - [2026-01-23T16:54:47.422+0000] {dag.py:3036} INFO - Sync 1 DAGs
[2026-01-23T16:54:47.449+0000] {logging_mixin.py:188} INFO - [2026-01-23T16:54:47.449+0000] {dag.py:3823} INFO - Setting next_dagrun for btc_bronze_load to 2026-01-23 16:40:00+00:00, run_after=2026-01-23 16:50:00+00:00
[2026-01-23T16:54:47.479+0000] {processor.py:183} INFO - Processing /opt/airflow/dags/bronze_ingestion.py took 0.630 seconds
[2026-01-23T16:54:52.570+0000] {processor.py:161} INFO - Started process (PID=486) to work on /opt/airflow/dags/bronze_ingestion.py
[2026-01-23T16:54:52.572+0000] {processor.py:830} INFO - Processing file /opt/airflow/dags/bronze_ingestion.py for tasks to queue
[2026-01-23T16:54:52.574+0000] {logging_mixin.py:188} INFO - [2026-01-23T16:54:52.574+0000] {dagbag.py:538} INFO - Filling up the DagBag from /opt/airflow/dags/bronze_ingestion.py
[2026-01-23T16:54:53.273+0000] {logging_mixin.py:188} INFO - [2026-01-23T16:54:53.270+0000] {dagbag.py:348} ERROR - Failed to import: /opt/airflow/dags/bronze_ingestion.py
Traceback (most recent call last):
  File "/home/airflow/.local/lib/python3.8/site-packages/airflow/models/dagbag.py", line 344, in parse
    loader.exec_module(new_module)
  File "<frozen importlib._bootstrap_external>", line 843, in exec_module
  File "<frozen importlib._bootstrap>", line 219, in _call_with_frames_removed
  File "/opt/airflow/dags/bronze_ingestion.py", line 73, in <module>
    load_btc_data()
  File "/home/airflow/.local/lib/python3.8/site-packages/airflow/models/dag.py", line 3944, in factory
    f(**f_kwargs)
  File "/opt/airflow/dags/bronze_ingestion.py", line 62, in load_btc_data
    save
NameError: name 'save' is not defined
[2026-01-23T16:54:53.274+0000] {processor.py:842} WARNING - No viable dags retrieved from /opt/airflow/dags/bronze_ingestion.py
[2026-01-23T16:54:53.327+0000] {processor.py:183} INFO - Processing /opt/airflow/dags/bronze_ingestion.py took 0.765 seconds
[2026-01-23T16:54:54.990+0000] {processor.py:161} INFO - Started process (PID=492) to work on /opt/airflow/dags/bronze_ingestion.py
[2026-01-23T16:54:54.991+0000] {processor.py:830} INFO - Processing file /opt/airflow/dags/bronze_ingestion.py for tasks to queue
[2026-01-23T16:54:54.993+0000] {logging_mixin.py:188} INFO - [2026-01-23T16:54:54.992+0000] {dagbag.py:538} INFO - Filling up the DagBag from /opt/airflow/dags/bronze_ingestion.py
[2026-01-23T16:54:55.769+0000] {processor.py:840} INFO - DAG(s) 'btc_bronze_load' retrieved from /opt/airflow/dags/bronze_ingestion.py
[2026-01-23T16:54:55.796+0000] {logging_mixin.py:188} INFO - [2026-01-23T16:54:55.795+0000] {dag.py:3036} INFO - Sync 1 DAGs
[2026-01-23T16:54:55.837+0000] {logging_mixin.py:188} INFO - [2026-01-23T16:54:55.836+0000] {dag.py:3823} INFO - Setting next_dagrun for btc_bronze_load to 2026-01-23 16:40:00+00:00, run_after=2026-01-23 16:50:00+00:00
[2026-01-23T16:54:55.869+0000] {processor.py:183} INFO - Processing /opt/airflow/dags/bronze_ingestion.py took 0.884 seconds
[2026-01-23T16:54:56.394+0000] {processor.py:161} INFO - Started process (PID=498) to work on /opt/airflow/dags/bronze_ingestion.py
[2026-01-23T16:54:56.395+0000] {processor.py:830} INFO - Processing file /opt/airflow/dags/bronze_ingestion.py for tasks to queue
[2026-01-23T16:54:56.396+0000] {logging_mixin.py:188} INFO - [2026-01-23T16:54:56.396+0000] {dagbag.py:538} INFO - Filling up the DagBag from /opt/airflow/dags/bronze_ingestion.py
[2026-01-23T16:54:57.031+0000] {logging_mixin.py:188} INFO - [2026-01-23T16:54:57.018+0000] {dagbag.py:348} ERROR - Failed to import: /opt/airflow/dags/bronze_ingestion.py
Traceback (most recent call last):
  File "/home/airflow/.local/lib/python3.8/site-packages/airflow/models/dagbag.py", line 344, in parse
    loader.exec_module(new_module)
  File "<frozen importlib._bootstrap_external>", line 843, in exec_module
  File "<frozen importlib._bootstrap>", line 219, in _call_with_frames_removed
  File "/opt/airflow/dags/bronze_ingestion.py", line 73, in <module>
    load_btc_data()
  File "/home/airflow/.local/lib/python3.8/site-packages/airflow/models/dag.py", line 3944, in factory
    f(**f_kwargs)
  File "/opt/airflow/dags/bronze_ingestion.py", line 62, in load_btc_data
    save_bronze()
  File "/home/airflow/.local/lib/python3.8/site-packages/airflow/decorators/base.py", line 366, in __call__
    op = self.operator_class(
  File "/home/airflow/.local/lib/python3.8/site-packages/airflow/models/baseoperator.py", line 437, in apply_defaults
    result = func(self, **kwargs, default_args=default_args)
  File "/home/airflow/.local/lib/python3.8/site-packages/airflow/decorators/python.py", line 52, in __init__
    super().__init__(
  File "/home/airflow/.local/lib/python3.8/site-packages/airflow/models/baseoperator.py", line 437, in apply_defaults
    result = func(self, **kwargs, default_args=default_args)
  File "/home/airflow/.local/lib/python3.8/site-packages/airflow/decorators/base.py", line 228, in __init__
    signature.bind(*op_args, **op_kwargs)
  File "/usr/local/lib/python3.8/inspect.py", line 3037, in bind
    return self._bind(args, kwargs)
  File "/usr/local/lib/python3.8/inspect.py", line 2952, in _bind
    raise TypeError(msg) from None
TypeError: missing a required argument: 'data'
[2026-01-23T16:54:57.033+0000] {processor.py:842} WARNING - No viable dags retrieved from /opt/airflow/dags/bronze_ingestion.py
[2026-01-23T16:54:57.122+0000] {processor.py:183} INFO - Processing /opt/airflow/dags/bronze_ingestion.py took 0.733 seconds
[2026-01-23T16:55:10.137+0000] {processor.py:161} INFO - Started process (PID=514) to work on /opt/airflow/dags/bronze_ingestion.py
[2026-01-23T16:55:10.140+0000] {processor.py:830} INFO - Processing file /opt/airflow/dags/bronze_ingestion.py for tasks to queue
[2026-01-23T16:55:10.142+0000] {logging_mixin.py:188} INFO - [2026-01-23T16:55:10.141+0000] {dagbag.py:538} INFO - Filling up the DagBag from /opt/airflow/dags/bronze_ingestion.py
[2026-01-23T16:55:10.820+0000] {logging_mixin.py:188} INFO - [2026-01-23T16:55:10.818+0000] {dagbag.py:348} ERROR - Failed to import: /opt/airflow/dags/bronze_ingestion.py
Traceback (most recent call last):
  File "/home/airflow/.local/lib/python3.8/site-packages/airflow/models/dagbag.py", line 344, in parse
    loader.exec_module(new_module)
  File "<frozen importlib._bootstrap_external>", line 843, in exec_module
  File "<frozen importlib._bootstrap>", line 219, in _call_with_frames_removed
  File "/opt/airflow/dags/bronze_ingestion.py", line 73, in <module>
    load_btc_data()
  File "/home/airflow/.local/lib/python3.8/site-packages/airflow/models/dag.py", line 3944, in factory
    f(**f_kwargs)
  File "/opt/airflow/dags/bronze_ingestion.py", line 62, in load_btc_data
    savesave_bronze()
NameError: name 'savesave_bronze' is not defined
[2026-01-23T16:55:10.821+0000] {processor.py:842} WARNING - No viable dags retrieved from /opt/airflow/dags/bronze_ingestion.py
[2026-01-23T16:55:10.858+0000] {processor.py:183} INFO - Processing /opt/airflow/dags/bronze_ingestion.py took 0.746 seconds
[2026-01-23T16:55:12.939+0000] {processor.py:161} INFO - Started process (PID=520) to work on /opt/airflow/dags/bronze_ingestion.py
[2026-01-23T16:55:12.940+0000] {processor.py:830} INFO - Processing file /opt/airflow/dags/bronze_ingestion.py for tasks to queue
[2026-01-23T16:55:12.942+0000] {logging_mixin.py:188} INFO - [2026-01-23T16:55:12.941+0000] {dagbag.py:538} INFO - Filling up the DagBag from /opt/airflow/dags/bronze_ingestion.py
[2026-01-23T16:55:13.539+0000] {logging_mixin.py:188} INFO - [2026-01-23T16:55:13.536+0000] {dagbag.py:348} ERROR - Failed to import: /opt/airflow/dags/bronze_ingestion.py
Traceback (most recent call last):
  File "/home/airflow/.local/lib/python3.8/site-packages/airflow/models/dagbag.py", line 344, in parse
    loader.exec_module(new_module)
  File "<frozen importlib._bootstrap_external>", line 843, in exec_module
  File "<frozen importlib._bootstrap>", line 219, in _call_with_frames_removed
  File "/opt/airflow/dags/bronze_ingestion.py", line 73, in <module>
    load_btc_data()
  File "/home/airflow/.local/lib/python3.8/site-packages/airflow/models/dag.py", line 3944, in factory
    f(**f_kwargs)
  File "/opt/airflow/dags/bronze_ingestion.py", line 62, in load_btc_data
    save_tasksave_bronze()
NameError: name 'save_tasksave_bronze' is not defined
[2026-01-23T16:55:13.540+0000] {processor.py:842} WARNING - No viable dags retrieved from /opt/airflow/dags/bronze_ingestion.py
[2026-01-23T16:55:13.566+0000] {processor.py:183} INFO - Processing /opt/airflow/dags/bronze_ingestion.py took 0.632 seconds
[2026-01-23T16:55:15.240+0000] {processor.py:161} INFO - Started process (PID=526) to work on /opt/airflow/dags/bronze_ingestion.py
[2026-01-23T16:55:15.242+0000] {processor.py:830} INFO - Processing file /opt/airflow/dags/bronze_ingestion.py for tasks to queue
[2026-01-23T16:55:15.244+0000] {logging_mixin.py:188} INFO - [2026-01-23T16:55:15.243+0000] {dagbag.py:538} INFO - Filling up the DagBag from /opt/airflow/dags/bronze_ingestion.py
[2026-01-23T16:55:15.923+0000] {logging_mixin.py:188} INFO - [2026-01-23T16:55:15.917+0000] {dagbag.py:348} ERROR - Failed to import: /opt/airflow/dags/bronze_ingestion.py
Traceback (most recent call last):
  File "/home/airflow/.local/lib/python3.8/site-packages/airflow/models/dagbag.py", line 344, in parse
    loader.exec_module(new_module)
  File "<frozen importlib._bootstrap_external>", line 843, in exec_module
  File "<frozen importlib._bootstrap>", line 219, in _call_with_frames_removed
  File "/opt/airflow/dags/bronze_ingestion.py", line 73, in <module>
    load_btc_data()
  File "/home/airflow/.local/lib/python3.8/site-packages/airflow/models/dag.py", line 3944, in factory
    f(**f_kwargs)
  File "/opt/airflow/dags/bronze_ingestion.py", line 62, in load_btc_data
    save_task= save_bronze()
  File "/home/airflow/.local/lib/python3.8/site-packages/airflow/decorators/base.py", line 366, in __call__
    op = self.operator_class(
  File "/home/airflow/.local/lib/python3.8/site-packages/airflow/models/baseoperator.py", line 437, in apply_defaults
    result = func(self, **kwargs, default_args=default_args)
  File "/home/airflow/.local/lib/python3.8/site-packages/airflow/decorators/python.py", line 52, in __init__
    super().__init__(
  File "/home/airflow/.local/lib/python3.8/site-packages/airflow/models/baseoperator.py", line 437, in apply_defaults
    result = func(self, **kwargs, default_args=default_args)
  File "/home/airflow/.local/lib/python3.8/site-packages/airflow/decorators/base.py", line 228, in __init__
    signature.bind(*op_args, **op_kwargs)
  File "/usr/local/lib/python3.8/inspect.py", line 3037, in bind
    return self._bind(args, kwargs)
  File "/usr/local/lib/python3.8/inspect.py", line 2952, in _bind
    raise TypeError(msg) from None
TypeError: missing a required argument: 'data'
[2026-01-23T16:55:15.924+0000] {processor.py:842} WARNING - No viable dags retrieved from /opt/airflow/dags/bronze_ingestion.py
[2026-01-23T16:55:15.960+0000] {processor.py:183} INFO - Processing /opt/airflow/dags/bronze_ingestion.py took 0.724 seconds
[2026-01-23T16:55:23.664+0000] {processor.py:161} INFO - Started process (PID=532) to work on /opt/airflow/dags/bronze_ingestion.py
[2026-01-23T16:55:23.666+0000] {processor.py:830} INFO - Processing file /opt/airflow/dags/bronze_ingestion.py for tasks to queue
[2026-01-23T16:55:23.667+0000] {logging_mixin.py:188} INFO - [2026-01-23T16:55:23.667+0000] {dagbag.py:538} INFO - Filling up the DagBag from /opt/airflow/dags/bronze_ingestion.py
[2026-01-23T16:55:24.383+0000] {logging_mixin.py:188} INFO - [2026-01-23T16:55:24.377+0000] {dagbag.py:348} ERROR - Failed to import: /opt/airflow/dags/bronze_ingestion.py
Traceback (most recent call last):
  File "/home/airflow/.local/lib/python3.8/site-packages/airflow/models/dagbag.py", line 344, in parse
    loader.exec_module(new_module)
  File "<frozen importlib._bootstrap_external>", line 843, in exec_module
  File "<frozen importlib._bootstrap>", line 219, in _call_with_frames_removed
  File "/opt/airflow/dags/bronze_ingestion.py", line 73, in <module>
    load_btc_data()
  File "/home/airflow/.local/lib/python3.8/site-packages/airflow/models/dag.py", line 3944, in factory
    f(**f_kwargs)
  File "/opt/airflow/dags/bronze_ingestion.py", line 62, in load_btc_data
    save_task= save_bronze()
  File "/home/airflow/.local/lib/python3.8/site-packages/airflow/decorators/base.py", line 366, in __call__
    op = self.operator_class(
  File "/home/airflow/.local/lib/python3.8/site-packages/airflow/models/baseoperator.py", line 437, in apply_defaults
    result = func(self, **kwargs, default_args=default_args)
  File "/home/airflow/.local/lib/python3.8/site-packages/airflow/decorators/python.py", line 52, in __init__
    super().__init__(
  File "/home/airflow/.local/lib/python3.8/site-packages/airflow/models/baseoperator.py", line 437, in apply_defaults
    result = func(self, **kwargs, default_args=default_args)
  File "/home/airflow/.local/lib/python3.8/site-packages/airflow/decorators/base.py", line 228, in __init__
    signature.bind(*op_args, **op_kwargs)
  File "/usr/local/lib/python3.8/inspect.py", line 3037, in bind
    return self._bind(args, kwargs)
  File "/usr/local/lib/python3.8/inspect.py", line 2952, in _bind
    raise TypeError(msg) from None
TypeError: missing a required argument: 'data'
[2026-01-23T16:55:24.384+0000] {processor.py:842} WARNING - No viable dags retrieved from /opt/airflow/dags/bronze_ingestion.py
[2026-01-23T16:55:24.417+0000] {processor.py:183} INFO - Processing /opt/airflow/dags/bronze_ingestion.py took 0.758 seconds
[2026-01-23T16:55:31.091+0000] {processor.py:161} INFO - Started process (PID=538) to work on /opt/airflow/dags/bronze_ingestion.py
[2026-01-23T16:55:31.093+0000] {processor.py:830} INFO - Processing file /opt/airflow/dags/bronze_ingestion.py for tasks to queue
[2026-01-23T16:55:31.095+0000] {logging_mixin.py:188} INFO - [2026-01-23T16:55:31.094+0000] {dagbag.py:538} INFO - Filling up the DagBag from /opt/airflow/dags/bronze_ingestion.py
[2026-01-23T16:55:31.652+0000] {logging_mixin.py:188} INFO - [2026-01-23T16:55:31.648+0000] {dagbag.py:348} ERROR - Failed to import: /opt/airflow/dags/bronze_ingestion.py
Traceback (most recent call last):
  File "/home/airflow/.local/lib/python3.8/site-packages/airflow/models/dagbag.py", line 344, in parse
    loader.exec_module(new_module)
  File "<frozen importlib._bootstrap_external>", line 843, in exec_module
  File "<frozen importlib._bootstrap>", line 219, in _call_with_frames_removed
  File "/opt/airflow/dags/bronze_ingestion.py", line 73, in <module>
    load_btc_data()
  File "/home/airflow/.local/lib/python3.8/site-packages/airflow/models/dag.py", line 3944, in factory
    f(**f_kwargs)
  File "/opt/airflow/dags/bronze_ingestion.py", line 62, in load_btc_data
    save_task= save_bronze()
  File "/home/airflow/.local/lib/python3.8/site-packages/airflow/decorators/base.py", line 366, in __call__
    op = self.operator_class(
  File "/home/airflow/.local/lib/python3.8/site-packages/airflow/models/baseoperator.py", line 437, in apply_defaults
    result = func(self, **kwargs, default_args=default_args)
  File "/home/airflow/.local/lib/python3.8/site-packages/airflow/decorators/python.py", line 52, in __init__
    super().__init__(
  File "/home/airflow/.local/lib/python3.8/site-packages/airflow/models/baseoperator.py", line 437, in apply_defaults
    result = func(self, **kwargs, default_args=default_args)
  File "/home/airflow/.local/lib/python3.8/site-packages/airflow/decorators/base.py", line 228, in __init__
    signature.bind(*op_args, **op_kwargs)
  File "/usr/local/lib/python3.8/inspect.py", line 3037, in bind
    return self._bind(args, kwargs)
  File "/usr/local/lib/python3.8/inspect.py", line 2952, in _bind
    raise TypeError(msg) from None
TypeError: missing a required argument: 'data'
[2026-01-23T16:55:31.653+0000] {processor.py:842} WARNING - No viable dags retrieved from /opt/airflow/dags/bronze_ingestion.py
[2026-01-23T16:55:31.679+0000] {processor.py:183} INFO - Processing /opt/airflow/dags/bronze_ingestion.py took 0.595 seconds
[2026-01-23T16:56:01.778+0000] {processor.py:161} INFO - Started process (PID=554) to work on /opt/airflow/dags/bronze_ingestion.py
[2026-01-23T16:56:01.779+0000] {processor.py:830} INFO - Processing file /opt/airflow/dags/bronze_ingestion.py for tasks to queue
[2026-01-23T16:56:01.780+0000] {logging_mixin.py:188} INFO - [2026-01-23T16:56:01.780+0000] {dagbag.py:538} INFO - Filling up the DagBag from /opt/airflow/dags/bronze_ingestion.py
[2026-01-23T16:56:02.308+0000] {logging_mixin.py:188} INFO - [2026-01-23T16:56:02.304+0000] {dagbag.py:348} ERROR - Failed to import: /opt/airflow/dags/bronze_ingestion.py
Traceback (most recent call last):
  File "/home/airflow/.local/lib/python3.8/site-packages/airflow/models/dagbag.py", line 344, in parse
    loader.exec_module(new_module)
  File "<frozen importlib._bootstrap_external>", line 843, in exec_module
  File "<frozen importlib._bootstrap>", line 219, in _call_with_frames_removed
  File "/opt/airflow/dags/bronze_ingestion.py", line 73, in <module>
    load_btc_data()
  File "/home/airflow/.local/lib/python3.8/site-packages/airflow/models/dag.py", line 3944, in factory
    f(**f_kwargs)
  File "/opt/airflow/dags/bronze_ingestion.py", line 62, in load_btc_data
    save_task= save_bronze()
  File "/home/airflow/.local/lib/python3.8/site-packages/airflow/decorators/base.py", line 366, in __call__
    op = self.operator_class(
  File "/home/airflow/.local/lib/python3.8/site-packages/airflow/models/baseoperator.py", line 437, in apply_defaults
    result = func(self, **kwargs, default_args=default_args)
  File "/home/airflow/.local/lib/python3.8/site-packages/airflow/decorators/python.py", line 52, in __init__
    super().__init__(
  File "/home/airflow/.local/lib/python3.8/site-packages/airflow/models/baseoperator.py", line 437, in apply_defaults
    result = func(self, **kwargs, default_args=default_args)
  File "/home/airflow/.local/lib/python3.8/site-packages/airflow/decorators/base.py", line 228, in __init__
    signature.bind(*op_args, **op_kwargs)
  File "/usr/local/lib/python3.8/inspect.py", line 3037, in bind
    return self._bind(args, kwargs)
  File "/usr/local/lib/python3.8/inspect.py", line 2952, in _bind
    raise TypeError(msg) from None
TypeError: missing a required argument: 'data'
[2026-01-23T16:56:02.309+0000] {processor.py:842} WARNING - No viable dags retrieved from /opt/airflow/dags/bronze_ingestion.py
[2026-01-23T16:56:02.338+0000] {processor.py:183} INFO - Processing /opt/airflow/dags/bronze_ingestion.py took 0.564 seconds
[2026-01-23T16:56:33.138+0000] {processor.py:161} INFO - Started process (PID=570) to work on /opt/airflow/dags/bronze_ingestion.py
[2026-01-23T16:56:33.140+0000] {processor.py:830} INFO - Processing file /opt/airflow/dags/bronze_ingestion.py for tasks to queue
[2026-01-23T16:56:33.141+0000] {logging_mixin.py:188} INFO - [2026-01-23T16:56:33.140+0000] {dagbag.py:538} INFO - Filling up the DagBag from /opt/airflow/dags/bronze_ingestion.py
[2026-01-23T16:56:34.709+0000] {logging_mixin.py:188} INFO - [2026-01-23T16:56:34.682+0000] {dagbag.py:348} ERROR - Failed to import: /opt/airflow/dags/bronze_ingestion.py
Traceback (most recent call last):
  File "/home/airflow/.local/lib/python3.8/site-packages/airflow/models/dagbag.py", line 344, in parse
    loader.exec_module(new_module)
  File "<frozen importlib._bootstrap_external>", line 843, in exec_module
  File "<frozen importlib._bootstrap>", line 219, in _call_with_frames_removed
  File "/opt/airflow/dags/bronze_ingestion.py", line 73, in <module>
    load_btc_data()
  File "/home/airflow/.local/lib/python3.8/site-packages/airflow/models/dag.py", line 3944, in factory
    f(**f_kwargs)
  File "/opt/airflow/dags/bronze_ingestion.py", line 62, in load_btc_data
    save_task= save_bronze()
  File "/home/airflow/.local/lib/python3.8/site-packages/airflow/decorators/base.py", line 366, in __call__
    op = self.operator_class(
  File "/home/airflow/.local/lib/python3.8/site-packages/airflow/models/baseoperator.py", line 437, in apply_defaults
    result = func(self, **kwargs, default_args=default_args)
  File "/home/airflow/.local/lib/python3.8/site-packages/airflow/decorators/python.py", line 52, in __init__
    super().__init__(
  File "/home/airflow/.local/lib/python3.8/site-packages/airflow/models/baseoperator.py", line 437, in apply_defaults
    result = func(self, **kwargs, default_args=default_args)
  File "/home/airflow/.local/lib/python3.8/site-packages/airflow/decorators/base.py", line 228, in __init__
    signature.bind(*op_args, **op_kwargs)
  File "/usr/local/lib/python3.8/inspect.py", line 3037, in bind
    return self._bind(args, kwargs)
  File "/usr/local/lib/python3.8/inspect.py", line 2952, in _bind
    raise TypeError(msg) from None
TypeError: missing a required argument: 'data'
[2026-01-23T16:56:34.710+0000] {processor.py:842} WARNING - No viable dags retrieved from /opt/airflow/dags/bronze_ingestion.py
[2026-01-23T16:56:34.760+0000] {processor.py:183} INFO - Processing /opt/airflow/dags/bronze_ingestion.py took 1.626 seconds
[2026-01-23T16:57:05.535+0000] {processor.py:161} INFO - Started process (PID=586) to work on /opt/airflow/dags/bronze_ingestion.py
[2026-01-23T16:57:05.537+0000] {processor.py:830} INFO - Processing file /opt/airflow/dags/bronze_ingestion.py for tasks to queue
[2026-01-23T16:57:05.539+0000] {logging_mixin.py:188} INFO - [2026-01-23T16:57:05.539+0000] {dagbag.py:538} INFO - Filling up the DagBag from /opt/airflow/dags/bronze_ingestion.py
[2026-01-23T16:57:06.118+0000] {logging_mixin.py:188} INFO - [2026-01-23T16:57:06.114+0000] {dagbag.py:348} ERROR - Failed to import: /opt/airflow/dags/bronze_ingestion.py
Traceback (most recent call last):
  File "/home/airflow/.local/lib/python3.8/site-packages/airflow/models/dagbag.py", line 344, in parse
    loader.exec_module(new_module)
  File "<frozen importlib._bootstrap_external>", line 843, in exec_module
  File "<frozen importlib._bootstrap>", line 219, in _call_with_frames_removed
  File "/opt/airflow/dags/bronze_ingestion.py", line 73, in <module>
    load_btc_data()
  File "/home/airflow/.local/lib/python3.8/site-packages/airflow/models/dag.py", line 3944, in factory
    f(**f_kwargs)
  File "/opt/airflow/dags/bronze_ingestion.py", line 62, in load_btc_data
    save_task= save_bronze()
  File "/home/airflow/.local/lib/python3.8/site-packages/airflow/decorators/base.py", line 366, in __call__
    op = self.operator_class(
  File "/home/airflow/.local/lib/python3.8/site-packages/airflow/models/baseoperator.py", line 437, in apply_defaults
    result = func(self, **kwargs, default_args=default_args)
  File "/home/airflow/.local/lib/python3.8/site-packages/airflow/decorators/python.py", line 52, in __init__
    super().__init__(
  File "/home/airflow/.local/lib/python3.8/site-packages/airflow/models/baseoperator.py", line 437, in apply_defaults
    result = func(self, **kwargs, default_args=default_args)
  File "/home/airflow/.local/lib/python3.8/site-packages/airflow/decorators/base.py", line 228, in __init__
    signature.bind(*op_args, **op_kwargs)
  File "/usr/local/lib/python3.8/inspect.py", line 3037, in bind
    return self._bind(args, kwargs)
  File "/usr/local/lib/python3.8/inspect.py", line 2952, in _bind
    raise TypeError(msg) from None
TypeError: missing a required argument: 'data'
[2026-01-23T16:57:06.119+0000] {processor.py:842} WARNING - No viable dags retrieved from /opt/airflow/dags/bronze_ingestion.py
[2026-01-23T16:57:06.145+0000] {processor.py:183} INFO - Processing /opt/airflow/dags/bronze_ingestion.py took 0.617 seconds
[2026-01-23T16:57:31.822+0000] {processor.py:161} INFO - Started process (PID=602) to work on /opt/airflow/dags/bronze_ingestion.py
[2026-01-23T16:57:31.823+0000] {processor.py:830} INFO - Processing file /opt/airflow/dags/bronze_ingestion.py for tasks to queue
[2026-01-23T16:57:31.824+0000] {logging_mixin.py:188} INFO - [2026-01-23T16:57:31.824+0000] {dagbag.py:538} INFO - Filling up the DagBag from /opt/airflow/dags/bronze_ingestion.py
[2026-01-23T16:57:32.546+0000] {logging_mixin.py:188} INFO - [2026-01-23T16:57:32.543+0000] {dagbag.py:348} ERROR - Failed to import: /opt/airflow/dags/bronze_ingestion.py
Traceback (most recent call last):
  File "/home/airflow/.local/lib/python3.8/site-packages/airflow/models/dagbag.py", line 344, in parse
    loader.exec_module(new_module)
  File "<frozen importlib._bootstrap_external>", line 843, in exec_module
  File "<frozen importlib._bootstrap>", line 219, in _call_with_frames_removed
  File "/opt/airflow/dags/bronze_ingestion.py", line 73, in <module>
    load_btc_data()
  File "/home/airflow/.local/lib/python3.8/site-packages/airflow/models/dag.py", line 3944, in factory
    f(**f_kwargs)
  File "/opt/airflow/dags/bronze_ingestion.py", line 62, in load_btc_data
    save_task= save_bronze(data)
NameError: name 'data' is not defined
[2026-01-23T16:57:32.547+0000] {processor.py:842} WARNING - No viable dags retrieved from /opt/airflow/dags/bronze_ingestion.py
[2026-01-23T16:57:32.588+0000] {processor.py:183} INFO - Processing /opt/airflow/dags/bronze_ingestion.py took 0.771 seconds
[2026-01-23T16:57:39.066+0000] {processor.py:161} INFO - Started process (PID=618) to work on /opt/airflow/dags/bronze_ingestion.py
[2026-01-23T16:57:39.067+0000] {processor.py:830} INFO - Processing file /opt/airflow/dags/bronze_ingestion.py for tasks to queue
[2026-01-23T16:57:39.068+0000] {logging_mixin.py:188} INFO - [2026-01-23T16:57:39.068+0000] {dagbag.py:538} INFO - Filling up the DagBag from /opt/airflow/dags/bronze_ingestion.py
[2026-01-23T16:57:40.062+0000] {logging_mixin.py:188} INFO - [2026-01-23T16:57:40.058+0000] {dagbag.py:348} ERROR - Failed to import: /opt/airflow/dags/bronze_ingestion.py
Traceback (most recent call last):
  File "/home/airflow/.local/lib/python3.8/site-packages/airflow/models/dagbag.py", line 344, in parse
    loader.exec_module(new_module)
  File "<frozen importlib._bootstrap_external>", line 843, in exec_module
  File "<frozen importlib._bootstrap>", line 219, in _call_with_frames_removed
  File "/opt/airflow/dags/bronze_ingestion.py", line 73, in <module>
    load_btc_data()
  File "/home/airflow/.local/lib/python3.8/site-packages/airflow/models/dag.py", line 3944, in factory
    f(**f_kwargs)
  File "/opt/airflow/dags/bronze_ingestion.py", line 62, in load_btc_data
    save_task= save_bronze(dat)
NameError: name 'dat' is not defined
[2026-01-23T16:57:40.064+0000] {processor.py:842} WARNING - No viable dags retrieved from /opt/airflow/dags/bronze_ingestion.py
[2026-01-23T16:57:40.093+0000] {processor.py:183} INFO - Processing /opt/airflow/dags/bronze_ingestion.py took 1.032 seconds
[2026-01-23T16:57:46.109+0000] {processor.py:161} INFO - Started process (PID=624) to work on /opt/airflow/dags/bronze_ingestion.py
[2026-01-23T16:57:46.110+0000] {processor.py:830} INFO - Processing file /opt/airflow/dags/bronze_ingestion.py for tasks to queue
[2026-01-23T16:57:46.112+0000] {logging_mixin.py:188} INFO - [2026-01-23T16:57:46.111+0000] {dagbag.py:538} INFO - Filling up the DagBag from /opt/airflow/dags/bronze_ingestion.py
[2026-01-23T16:57:46.797+0000] {logging_mixin.py:188} INFO - [2026-01-23T16:57:46.791+0000] {dagbag.py:348} ERROR - Failed to import: /opt/airflow/dags/bronze_ingestion.py
Traceback (most recent call last):
  File "/home/airflow/.local/lib/python3.8/site-packages/airflow/models/dagbag.py", line 344, in parse
    loader.exec_module(new_module)
  File "<frozen importlib._bootstrap_external>", line 843, in exec_module
  File "<frozen importlib._bootstrap>", line 219, in _call_with_frames_removed
  File "/opt/airflow/dags/bronze_ingestion.py", line 73, in <module>
    load_btc_data()
  File "/home/airflow/.local/lib/python3.8/site-packages/airflow/models/dag.py", line 3944, in factory
    f(**f_kwargs)
  File "/opt/airflow/dags/bronze_ingestion.py", line 62, in load_btc_data
    save_task= save_bronze()
  File "/home/airflow/.local/lib/python3.8/site-packages/airflow/decorators/base.py", line 366, in __call__
    op = self.operator_class(
  File "/home/airflow/.local/lib/python3.8/site-packages/airflow/models/baseoperator.py", line 437, in apply_defaults
    result = func(self, **kwargs, default_args=default_args)
  File "/home/airflow/.local/lib/python3.8/site-packages/airflow/decorators/python.py", line 52, in __init__
    super().__init__(
  File "/home/airflow/.local/lib/python3.8/site-packages/airflow/models/baseoperator.py", line 437, in apply_defaults
    result = func(self, **kwargs, default_args=default_args)
  File "/home/airflow/.local/lib/python3.8/site-packages/airflow/decorators/base.py", line 228, in __init__
    signature.bind(*op_args, **op_kwargs)
  File "/usr/local/lib/python3.8/inspect.py", line 3037, in bind
    return self._bind(args, kwargs)
  File "/usr/local/lib/python3.8/inspect.py", line 2952, in _bind
    raise TypeError(msg) from None
TypeError: missing a required argument: 'data'
[2026-01-23T16:57:46.798+0000] {processor.py:842} WARNING - No viable dags retrieved from /opt/airflow/dags/bronze_ingestion.py
[2026-01-23T16:57:46.823+0000] {processor.py:183} INFO - Processing /opt/airflow/dags/bronze_ingestion.py took 0.718 seconds
[2026-01-23T16:58:17.393+0000] {processor.py:161} INFO - Started process (PID=640) to work on /opt/airflow/dags/bronze_ingestion.py
[2026-01-23T16:58:17.394+0000] {processor.py:830} INFO - Processing file /opt/airflow/dags/bronze_ingestion.py for tasks to queue
[2026-01-23T16:58:17.395+0000] {logging_mixin.py:188} INFO - [2026-01-23T16:58:17.394+0000] {dagbag.py:538} INFO - Filling up the DagBag from /opt/airflow/dags/bronze_ingestion.py
[2026-01-23T16:58:18.339+0000] {logging_mixin.py:188} INFO - [2026-01-23T16:58:18.334+0000] {dagbag.py:348} ERROR - Failed to import: /opt/airflow/dags/bronze_ingestion.py
Traceback (most recent call last):
  File "/home/airflow/.local/lib/python3.8/site-packages/airflow/models/dagbag.py", line 344, in parse
    loader.exec_module(new_module)
  File "<frozen importlib._bootstrap_external>", line 843, in exec_module
  File "<frozen importlib._bootstrap>", line 219, in _call_with_frames_removed
  File "/opt/airflow/dags/bronze_ingestion.py", line 73, in <module>
    load_btc_data()
  File "/home/airflow/.local/lib/python3.8/site-packages/airflow/models/dag.py", line 3944, in factory
    f(**f_kwargs)
  File "/opt/airflow/dags/bronze_ingestion.py", line 62, in load_btc_data
    save_task= save_bronze()
  File "/home/airflow/.local/lib/python3.8/site-packages/airflow/decorators/base.py", line 366, in __call__
    op = self.operator_class(
  File "/home/airflow/.local/lib/python3.8/site-packages/airflow/models/baseoperator.py", line 437, in apply_defaults
    result = func(self, **kwargs, default_args=default_args)
  File "/home/airflow/.local/lib/python3.8/site-packages/airflow/decorators/python.py", line 52, in __init__
    super().__init__(
  File "/home/airflow/.local/lib/python3.8/site-packages/airflow/models/baseoperator.py", line 437, in apply_defaults
    result = func(self, **kwargs, default_args=default_args)
  File "/home/airflow/.local/lib/python3.8/site-packages/airflow/decorators/base.py", line 228, in __init__
    signature.bind(*op_args, **op_kwargs)
  File "/usr/local/lib/python3.8/inspect.py", line 3037, in bind
    return self._bind(args, kwargs)
  File "/usr/local/lib/python3.8/inspect.py", line 2952, in _bind
    raise TypeError(msg) from None
TypeError: missing a required argument: 'data'
[2026-01-23T16:58:18.340+0000] {processor.py:842} WARNING - No viable dags retrieved from /opt/airflow/dags/bronze_ingestion.py
[2026-01-23T16:58:18.364+0000] {processor.py:183} INFO - Processing /opt/airflow/dags/bronze_ingestion.py took 0.976 seconds
[2026-01-23T16:58:48.680+0000] {processor.py:161} INFO - Started process (PID=656) to work on /opt/airflow/dags/bronze_ingestion.py
[2026-01-23T16:58:48.682+0000] {processor.py:830} INFO - Processing file /opt/airflow/dags/bronze_ingestion.py for tasks to queue
[2026-01-23T16:58:48.683+0000] {logging_mixin.py:188} INFO - [2026-01-23T16:58:48.682+0000] {dagbag.py:538} INFO - Filling up the DagBag from /opt/airflow/dags/bronze_ingestion.py
[2026-01-23T16:58:49.286+0000] {logging_mixin.py:188} INFO - [2026-01-23T16:58:49.282+0000] {dagbag.py:348} ERROR - Failed to import: /opt/airflow/dags/bronze_ingestion.py
Traceback (most recent call last):
  File "/home/airflow/.local/lib/python3.8/site-packages/airflow/models/dagbag.py", line 344, in parse
    loader.exec_module(new_module)
  File "<frozen importlib._bootstrap_external>", line 843, in exec_module
  File "<frozen importlib._bootstrap>", line 219, in _call_with_frames_removed
  File "/opt/airflow/dags/bronze_ingestion.py", line 73, in <module>
    load_btc_data()
  File "/home/airflow/.local/lib/python3.8/site-packages/airflow/models/dag.py", line 3944, in factory
    f(**f_kwargs)
  File "/opt/airflow/dags/bronze_ingestion.py", line 62, in load_btc_data
    save_task= save_bronze()
  File "/home/airflow/.local/lib/python3.8/site-packages/airflow/decorators/base.py", line 366, in __call__
    op = self.operator_class(
  File "/home/airflow/.local/lib/python3.8/site-packages/airflow/models/baseoperator.py", line 437, in apply_defaults
    result = func(self, **kwargs, default_args=default_args)
  File "/home/airflow/.local/lib/python3.8/site-packages/airflow/decorators/python.py", line 52, in __init__
    super().__init__(
  File "/home/airflow/.local/lib/python3.8/site-packages/airflow/models/baseoperator.py", line 437, in apply_defaults
    result = func(self, **kwargs, default_args=default_args)
  File "/home/airflow/.local/lib/python3.8/site-packages/airflow/decorators/base.py", line 228, in __init__
    signature.bind(*op_args, **op_kwargs)
  File "/usr/local/lib/python3.8/inspect.py", line 3037, in bind
    return self._bind(args, kwargs)
  File "/usr/local/lib/python3.8/inspect.py", line 2952, in _bind
    raise TypeError(msg) from None
TypeError: missing a required argument: 'data'
[2026-01-23T16:58:49.287+0000] {processor.py:842} WARNING - No viable dags retrieved from /opt/airflow/dags/bronze_ingestion.py
[2026-01-23T16:58:49.361+0000] {processor.py:183} INFO - Processing /opt/airflow/dags/bronze_ingestion.py took 0.686 seconds
[2026-01-23T16:58:49.815+0000] {processor.py:161} INFO - Started process (PID=662) to work on /opt/airflow/dags/bronze_ingestion.py
[2026-01-23T16:58:49.834+0000] {processor.py:830} INFO - Processing file /opt/airflow/dags/bronze_ingestion.py for tasks to queue
[2026-01-23T16:58:49.836+0000] {logging_mixin.py:188} INFO - [2026-01-23T16:58:49.836+0000] {dagbag.py:538} INFO - Filling up the DagBag from /opt/airflow/dags/bronze_ingestion.py
[2026-01-23T16:58:50.431+0000] {logging_mixin.py:188} INFO - [2026-01-23T16:58:50.428+0000] {dagbag.py:348} ERROR - Failed to import: /opt/airflow/dags/bronze_ingestion.py
Traceback (most recent call last):
  File "/home/airflow/.local/lib/python3.8/site-packages/airflow/models/dagbag.py", line 344, in parse
    loader.exec_module(new_module)
  File "<frozen importlib._bootstrap_external>", line 843, in exec_module
  File "<frozen importlib._bootstrap>", line 219, in _call_with_frames_removed
  File "/opt/airflow/dags/bronze_ingestion.py", line 73, in <module>
    load_btc_data()
  File "/home/airflow/.local/lib/python3.8/site-packages/airflow/models/dag.py", line 3944, in factory
    f(**f_kwargs)
  File "/opt/airflow/dags/bronze_ingestion.py", line 62, in load_btc_data
    save_task= save_bronze(df)
NameError: name 'df' is not defined
[2026-01-23T16:58:50.432+0000] {processor.py:842} WARNING - No viable dags retrieved from /opt/airflow/dags/bronze_ingestion.py
[2026-01-23T16:58:50.467+0000] {processor.py:183} INFO - Processing /opt/airflow/dags/bronze_ingestion.py took 0.693 seconds
[2026-01-23T16:58:52.464+0000] {processor.py:161} INFO - Started process (PID=668) to work on /opt/airflow/dags/bronze_ingestion.py
[2026-01-23T16:58:52.466+0000] {processor.py:830} INFO - Processing file /opt/airflow/dags/bronze_ingestion.py for tasks to queue
[2026-01-23T16:58:52.467+0000] {logging_mixin.py:188} INFO - [2026-01-23T16:58:52.467+0000] {dagbag.py:538} INFO - Filling up the DagBag from /opt/airflow/dags/bronze_ingestion.py
[2026-01-23T16:58:53.210+0000] {logging_mixin.py:188} INFO - [2026-01-23T16:58:53.207+0000] {dagbag.py:348} ERROR - Failed to import: /opt/airflow/dags/bronze_ingestion.py
Traceback (most recent call last):
  File "/home/airflow/.local/lib/python3.8/site-packages/airflow/models/dagbag.py", line 344, in parse
    loader.exec_module(new_module)
  File "<frozen importlib._bootstrap_external>", line 843, in exec_module
  File "<frozen importlib._bootstrap>", line 219, in _call_with_frames_removed
  File "/opt/airflow/dags/bronze_ingestion.py", line 73, in <module>
    load_btc_data()
  File "/home/airflow/.local/lib/python3.8/site-packages/airflow/models/dag.py", line 3944, in factory
    f(**f_kwargs)
  File "/opt/airflow/dags/bronze_ingestion.py", line 62, in load_btc_data
    save_task= save_bronze()
  File "/home/airflow/.local/lib/python3.8/site-packages/airflow/decorators/base.py", line 366, in __call__
    op = self.operator_class(
  File "/home/airflow/.local/lib/python3.8/site-packages/airflow/models/baseoperator.py", line 437, in apply_defaults
    result = func(self, **kwargs, default_args=default_args)
  File "/home/airflow/.local/lib/python3.8/site-packages/airflow/decorators/python.py", line 52, in __init__
    super().__init__(
  File "/home/airflow/.local/lib/python3.8/site-packages/airflow/models/baseoperator.py", line 437, in apply_defaults
    result = func(self, **kwargs, default_args=default_args)
  File "/home/airflow/.local/lib/python3.8/site-packages/airflow/decorators/base.py", line 228, in __init__
    signature.bind(*op_args, **op_kwargs)
  File "/usr/local/lib/python3.8/inspect.py", line 3037, in bind
    return self._bind(args, kwargs)
  File "/usr/local/lib/python3.8/inspect.py", line 2952, in _bind
    raise TypeError(msg) from None
TypeError: missing a required argument: 'data'
[2026-01-23T16:58:53.211+0000] {processor.py:842} WARNING - No viable dags retrieved from /opt/airflow/dags/bronze_ingestion.py
[2026-01-23T16:58:53.241+0000] {processor.py:183} INFO - Processing /opt/airflow/dags/bronze_ingestion.py took 0.783 seconds
[2026-01-23T16:59:13.567+0000] {processor.py:161} INFO - Started process (PID=684) to work on /opt/airflow/dags/bronze_ingestion.py
[2026-01-23T16:59:13.568+0000] {processor.py:830} INFO - Processing file /opt/airflow/dags/bronze_ingestion.py for tasks to queue
[2026-01-23T16:59:13.569+0000] {logging_mixin.py:188} INFO - [2026-01-23T16:59:13.569+0000] {dagbag.py:538} INFO - Filling up the DagBag from /opt/airflow/dags/bronze_ingestion.py
[2026-01-23T16:59:13.577+0000] {logging_mixin.py:188} INFO - [2026-01-23T16:59:13.576+0000] {dagbag.py:348} ERROR - Failed to import: /opt/airflow/dags/bronze_ingestion.py
Traceback (most recent call last):
  File "/home/airflow/.local/lib/python3.8/site-packages/airflow/models/dagbag.py", line 344, in parse
    loader.exec_module(new_module)
  File "<frozen importlib._bootstrap_external>", line 839, in exec_module
  File "<frozen importlib._bootstrap_external>", line 976, in get_code
  File "<frozen importlib._bootstrap_external>", line 906, in source_to_code
  File "<frozen importlib._bootstrap>", line 219, in _call_with_frames_removed
  File "/opt/airflow/dags/bronze_ingestion.py", line 62
    save_task= save_bronzebronze_task)
                                     ^
SyntaxError: unmatched ')'
[2026-01-23T16:59:13.577+0000] {processor.py:842} WARNING - No viable dags retrieved from /opt/airflow/dags/bronze_ingestion.py
[2026-01-23T16:59:13.610+0000] {processor.py:183} INFO - Processing /opt/airflow/dags/bronze_ingestion.py took 0.048 seconds
[2026-01-23T16:59:16.603+0000] {processor.py:161} INFO - Started process (PID=689) to work on /opt/airflow/dags/bronze_ingestion.py
[2026-01-23T16:59:16.605+0000] {processor.py:830} INFO - Processing file /opt/airflow/dags/bronze_ingestion.py for tasks to queue
[2026-01-23T16:59:16.630+0000] {logging_mixin.py:188} INFO - [2026-01-23T16:59:16.629+0000] {dagbag.py:538} INFO - Filling up the DagBag from /opt/airflow/dags/bronze_ingestion.py
[2026-01-23T16:59:17.566+0000] {logging_mixin.py:188} INFO - [2026-01-23T16:59:17.553+0000] {dagbag.py:348} ERROR - Failed to import: /opt/airflow/dags/bronze_ingestion.py
Traceback (most recent call last):
  File "/home/airflow/.local/lib/python3.8/site-packages/airflow/models/dagbag.py", line 344, in parse
    loader.exec_module(new_module)
  File "<frozen importlib._bootstrap_external>", line 843, in exec_module
  File "<frozen importlib._bootstrap>", line 219, in _call_with_frames_removed
  File "/opt/airflow/dags/bronze_ingestion.py", line 73, in <module>
    load_btc_data()
  File "/home/airflow/.local/lib/python3.8/site-packages/airflow/models/dag.py", line 3944, in factory
    f(**f_kwargs)
  File "/opt/airflow/dags/bronze_ingestion.py", line 62, in load_btc_data
    save_task= save_bronze()
  File "/home/airflow/.local/lib/python3.8/site-packages/airflow/decorators/base.py", line 366, in __call__
    op = self.operator_class(
  File "/home/airflow/.local/lib/python3.8/site-packages/airflow/models/baseoperator.py", line 437, in apply_defaults
    result = func(self, **kwargs, default_args=default_args)
  File "/home/airflow/.local/lib/python3.8/site-packages/airflow/decorators/python.py", line 52, in __init__
    super().__init__(
  File "/home/airflow/.local/lib/python3.8/site-packages/airflow/models/baseoperator.py", line 437, in apply_defaults
    result = func(self, **kwargs, default_args=default_args)
  File "/home/airflow/.local/lib/python3.8/site-packages/airflow/decorators/base.py", line 228, in __init__
    signature.bind(*op_args, **op_kwargs)
  File "/usr/local/lib/python3.8/inspect.py", line 3037, in bind
    return self._bind(args, kwargs)
  File "/usr/local/lib/python3.8/inspect.py", line 2952, in _bind
    raise TypeError(msg) from None
TypeError: missing a required argument: 'data'
[2026-01-23T16:59:17.566+0000] {processor.py:842} WARNING - No viable dags retrieved from /opt/airflow/dags/bronze_ingestion.py
[2026-01-23T16:59:17.595+0000] {processor.py:183} INFO - Processing /opt/airflow/dags/bronze_ingestion.py took 0.999 seconds
[2026-01-23T16:59:19.658+0000] {processor.py:161} INFO - Started process (PID=695) to work on /opt/airflow/dags/bronze_ingestion.py
[2026-01-23T16:59:19.659+0000] {processor.py:830} INFO - Processing file /opt/airflow/dags/bronze_ingestion.py for tasks to queue
[2026-01-23T16:59:19.660+0000] {logging_mixin.py:188} INFO - [2026-01-23T16:59:19.660+0000] {dagbag.py:538} INFO - Filling up the DagBag from /opt/airflow/dags/bronze_ingestion.py
[2026-01-23T16:59:20.284+0000] {processor.py:840} INFO - DAG(s) 'btc_bronze_load' retrieved from /opt/airflow/dags/bronze_ingestion.py
[2026-01-23T16:59:20.427+0000] {logging_mixin.py:188} INFO - [2026-01-23T16:59:20.426+0000] {dag.py:3036} INFO - Sync 1 DAGs
[2026-01-23T16:59:20.459+0000] {logging_mixin.py:188} INFO - [2026-01-23T16:59:20.459+0000] {dag.py:3823} INFO - Setting next_dagrun for btc_bronze_load to 2026-01-23 16:40:00+00:00, run_after=2026-01-23 16:50:00+00:00
[2026-01-23T16:59:20.504+0000] {processor.py:183} INFO - Processing /opt/airflow/dags/bronze_ingestion.py took 0.851 seconds
[2026-01-23T16:59:50.918+0000] {processor.py:161} INFO - Started process (PID=711) to work on /opt/airflow/dags/bronze_ingestion.py
[2026-01-23T16:59:50.919+0000] {processor.py:830} INFO - Processing file /opt/airflow/dags/bronze_ingestion.py for tasks to queue
[2026-01-23T16:59:50.921+0000] {logging_mixin.py:188} INFO - [2026-01-23T16:59:50.920+0000] {dagbag.py:538} INFO - Filling up the DagBag from /opt/airflow/dags/bronze_ingestion.py
[2026-01-23T16:59:51.587+0000] {processor.py:840} INFO - DAG(s) 'btc_bronze_load' retrieved from /opt/airflow/dags/bronze_ingestion.py
[2026-01-23T16:59:51.615+0000] {logging_mixin.py:188} INFO - [2026-01-23T16:59:51.614+0000] {dag.py:3036} INFO - Sync 1 DAGs
[2026-01-23T16:59:51.657+0000] {logging_mixin.py:188} INFO - [2026-01-23T16:59:51.657+0000] {dag.py:3823} INFO - Setting next_dagrun for btc_bronze_load to 2026-01-23 16:40:00+00:00, run_after=2026-01-23 16:50:00+00:00
[2026-01-23T16:59:51.683+0000] {processor.py:183} INFO - Processing /opt/airflow/dags/bronze_ingestion.py took 0.775 seconds
[2026-01-23T17:00:21.965+0000] {processor.py:161} INFO - Started process (PID=727) to work on /opt/airflow/dags/bronze_ingestion.py
[2026-01-23T17:00:21.966+0000] {processor.py:830} INFO - Processing file /opt/airflow/dags/bronze_ingestion.py for tasks to queue
[2026-01-23T17:00:21.967+0000] {logging_mixin.py:188} INFO - [2026-01-23T17:00:21.967+0000] {dagbag.py:538} INFO - Filling up the DagBag from /opt/airflow/dags/bronze_ingestion.py
[2026-01-23T17:00:22.593+0000] {processor.py:840} INFO - DAG(s) 'btc_bronze_load' retrieved from /opt/airflow/dags/bronze_ingestion.py
[2026-01-23T17:00:22.621+0000] {logging_mixin.py:188} INFO - [2026-01-23T17:00:22.620+0000] {dag.py:3036} INFO - Sync 1 DAGs
[2026-01-23T17:00:22.647+0000] {logging_mixin.py:188} INFO - [2026-01-23T17:00:22.647+0000] {dag.py:3823} INFO - Setting next_dagrun for btc_bronze_load to 2026-01-23 16:50:00+00:00, run_after=2026-01-23 17:00:00+00:00
[2026-01-23T17:00:22.675+0000] {processor.py:183} INFO - Processing /opt/airflow/dags/bronze_ingestion.py took 0.715 seconds
[2026-01-23T17:00:53.164+0000] {processor.py:161} INFO - Started process (PID=743) to work on /opt/airflow/dags/bronze_ingestion.py
[2026-01-23T17:00:53.166+0000] {processor.py:830} INFO - Processing file /opt/airflow/dags/bronze_ingestion.py for tasks to queue
[2026-01-23T17:00:53.167+0000] {logging_mixin.py:188} INFO - [2026-01-23T17:00:53.167+0000] {dagbag.py:538} INFO - Filling up the DagBag from /opt/airflow/dags/bronze_ingestion.py
[2026-01-23T17:00:53.754+0000] {processor.py:840} INFO - DAG(s) 'btc_bronze_load' retrieved from /opt/airflow/dags/bronze_ingestion.py
[2026-01-23T17:00:53.789+0000] {logging_mixin.py:188} INFO - [2026-01-23T17:00:53.788+0000] {dag.py:3036} INFO - Sync 1 DAGs
[2026-01-23T17:00:53.817+0000] {logging_mixin.py:188} INFO - [2026-01-23T17:00:53.816+0000] {dag.py:3823} INFO - Setting next_dagrun for btc_bronze_load to 2026-01-23 16:50:00+00:00, run_after=2026-01-23 17:00:00+00:00
[2026-01-23T17:00:53.841+0000] {processor.py:183} INFO - Processing /opt/airflow/dags/bronze_ingestion.py took 0.683 seconds
[2026-01-23T17:01:24.752+0000] {processor.py:161} INFO - Started process (PID=759) to work on /opt/airflow/dags/bronze_ingestion.py
[2026-01-23T17:01:24.753+0000] {processor.py:830} INFO - Processing file /opt/airflow/dags/bronze_ingestion.py for tasks to queue
[2026-01-23T17:01:24.754+0000] {logging_mixin.py:188} INFO - [2026-01-23T17:01:24.754+0000] {dagbag.py:538} INFO - Filling up the DagBag from /opt/airflow/dags/bronze_ingestion.py
[2026-01-23T17:01:25.361+0000] {processor.py:840} INFO - DAG(s) 'btc_bronze_load' retrieved from /opt/airflow/dags/bronze_ingestion.py
[2026-01-23T17:01:25.411+0000] {logging_mixin.py:188} INFO - [2026-01-23T17:01:25.411+0000] {dag.py:3036} INFO - Sync 1 DAGs
[2026-01-23T17:01:25.441+0000] {logging_mixin.py:188} INFO - [2026-01-23T17:01:25.440+0000] {dag.py:3823} INFO - Setting next_dagrun for btc_bronze_load to 2026-01-23 16:50:00+00:00, run_after=2026-01-23 17:00:00+00:00
[2026-01-23T17:01:25.464+0000] {processor.py:183} INFO - Processing /opt/airflow/dags/bronze_ingestion.py took 0.719 seconds
[2026-01-23T17:01:55.999+0000] {processor.py:161} INFO - Started process (PID=775) to work on /opt/airflow/dags/bronze_ingestion.py
[2026-01-23T17:01:56.001+0000] {processor.py:830} INFO - Processing file /opt/airflow/dags/bronze_ingestion.py for tasks to queue
[2026-01-23T17:01:56.002+0000] {logging_mixin.py:188} INFO - [2026-01-23T17:01:56.001+0000] {dagbag.py:538} INFO - Filling up the DagBag from /opt/airflow/dags/bronze_ingestion.py
[2026-01-23T17:01:56.633+0000] {processor.py:840} INFO - DAG(s) 'btc_bronze_load' retrieved from /opt/airflow/dags/bronze_ingestion.py
[2026-01-23T17:01:56.664+0000] {logging_mixin.py:188} INFO - [2026-01-23T17:01:56.664+0000] {dag.py:3036} INFO - Sync 1 DAGs
[2026-01-23T17:01:56.695+0000] {logging_mixin.py:188} INFO - [2026-01-23T17:01:56.695+0000] {dag.py:3823} INFO - Setting next_dagrun for btc_bronze_load to 2026-01-23 16:50:00+00:00, run_after=2026-01-23 17:00:00+00:00
[2026-01-23T17:01:56.727+0000] {processor.py:183} INFO - Processing /opt/airflow/dags/bronze_ingestion.py took 0.732 seconds
[2026-01-23T17:02:27.073+0000] {processor.py:161} INFO - Started process (PID=791) to work on /opt/airflow/dags/bronze_ingestion.py
[2026-01-23T17:02:27.074+0000] {processor.py:830} INFO - Processing file /opt/airflow/dags/bronze_ingestion.py for tasks to queue
[2026-01-23T17:02:27.075+0000] {logging_mixin.py:188} INFO - [2026-01-23T17:02:27.075+0000] {dagbag.py:538} INFO - Filling up the DagBag from /opt/airflow/dags/bronze_ingestion.py
[2026-01-23T17:02:27.767+0000] {processor.py:840} INFO - DAG(s) 'btc_bronze_load' retrieved from /opt/airflow/dags/bronze_ingestion.py
[2026-01-23T17:02:27.895+0000] {logging_mixin.py:188} INFO - [2026-01-23T17:02:27.894+0000] {dag.py:3036} INFO - Sync 1 DAGs
[2026-01-23T17:02:27.951+0000] {logging_mixin.py:188} INFO - [2026-01-23T17:02:27.951+0000] {dag.py:3823} INFO - Setting next_dagrun for btc_bronze_load to 2026-01-23 16:50:00+00:00, run_after=2026-01-23 17:00:00+00:00
[2026-01-23T17:02:27.988+0000] {processor.py:183} INFO - Processing /opt/airflow/dags/bronze_ingestion.py took 0.920 seconds
[2026-01-23T17:02:58.399+0000] {processor.py:161} INFO - Started process (PID=807) to work on /opt/airflow/dags/bronze_ingestion.py
[2026-01-23T17:02:58.400+0000] {processor.py:830} INFO - Processing file /opt/airflow/dags/bronze_ingestion.py for tasks to queue
[2026-01-23T17:02:58.402+0000] {logging_mixin.py:188} INFO - [2026-01-23T17:02:58.401+0000] {dagbag.py:538} INFO - Filling up the DagBag from /opt/airflow/dags/bronze_ingestion.py
[2026-01-23T17:02:58.884+0000] {processor.py:840} INFO - DAG(s) 'btc_bronze_load' retrieved from /opt/airflow/dags/bronze_ingestion.py
[2026-01-23T17:02:58.911+0000] {logging_mixin.py:188} INFO - [2026-01-23T17:02:58.910+0000] {dag.py:3036} INFO - Sync 1 DAGs
[2026-01-23T17:02:58.935+0000] {logging_mixin.py:188} INFO - [2026-01-23T17:02:58.935+0000] {dag.py:3823} INFO - Setting next_dagrun for btc_bronze_load to 2026-01-23 16:50:00+00:00, run_after=2026-01-23 17:00:00+00:00
[2026-01-23T17:02:58.961+0000] {processor.py:183} INFO - Processing /opt/airflow/dags/bronze_ingestion.py took 0.566 seconds
[2026-01-23T17:03:29.715+0000] {processor.py:161} INFO - Started process (PID=823) to work on /opt/airflow/dags/bronze_ingestion.py
[2026-01-23T17:03:29.720+0000] {processor.py:830} INFO - Processing file /opt/airflow/dags/bronze_ingestion.py for tasks to queue
[2026-01-23T17:03:29.731+0000] {logging_mixin.py:188} INFO - [2026-01-23T17:03:29.730+0000] {dagbag.py:538} INFO - Filling up the DagBag from /opt/airflow/dags/bronze_ingestion.py
[2026-01-23T17:03:30.199+0000] {processor.py:840} INFO - DAG(s) 'btc_bronze_load' retrieved from /opt/airflow/dags/bronze_ingestion.py
[2026-01-23T17:03:30.240+0000] {logging_mixin.py:188} INFO - [2026-01-23T17:03:30.240+0000] {dag.py:3036} INFO - Sync 1 DAGs
[2026-01-23T17:03:30.266+0000] {logging_mixin.py:188} INFO - [2026-01-23T17:03:30.266+0000] {dag.py:3823} INFO - Setting next_dagrun for btc_bronze_load to 2026-01-23 16:50:00+00:00, run_after=2026-01-23 17:00:00+00:00
[2026-01-23T17:03:30.292+0000] {processor.py:183} INFO - Processing /opt/airflow/dags/bronze_ingestion.py took 0.581 seconds
[2026-01-23T17:04:01.148+0000] {processor.py:161} INFO - Started process (PID=839) to work on /opt/airflow/dags/bronze_ingestion.py
[2026-01-23T17:04:01.150+0000] {processor.py:830} INFO - Processing file /opt/airflow/dags/bronze_ingestion.py for tasks to queue
[2026-01-23T17:04:01.151+0000] {logging_mixin.py:188} INFO - [2026-01-23T17:04:01.151+0000] {dagbag.py:538} INFO - Filling up the DagBag from /opt/airflow/dags/bronze_ingestion.py
[2026-01-23T17:04:01.723+0000] {processor.py:840} INFO - DAG(s) 'btc_bronze_load' retrieved from /opt/airflow/dags/bronze_ingestion.py
[2026-01-23T17:04:01.751+0000] {logging_mixin.py:188} INFO - [2026-01-23T17:04:01.751+0000] {dag.py:3036} INFO - Sync 1 DAGs
[2026-01-23T17:04:01.775+0000] {logging_mixin.py:188} INFO - [2026-01-23T17:04:01.775+0000] {dag.py:3823} INFO - Setting next_dagrun for btc_bronze_load to 2026-01-23 16:50:00+00:00, run_after=2026-01-23 17:00:00+00:00
[2026-01-23T17:04:01.798+0000] {processor.py:183} INFO - Processing /opt/airflow/dags/bronze_ingestion.py took 0.656 seconds
[2026-01-23T17:04:32.445+0000] {processor.py:161} INFO - Started process (PID=855) to work on /opt/airflow/dags/bronze_ingestion.py
[2026-01-23T17:04:32.446+0000] {processor.py:830} INFO - Processing file /opt/airflow/dags/bronze_ingestion.py for tasks to queue
[2026-01-23T17:04:32.448+0000] {logging_mixin.py:188} INFO - [2026-01-23T17:04:32.447+0000] {dagbag.py:538} INFO - Filling up the DagBag from /opt/airflow/dags/bronze_ingestion.py
[2026-01-23T17:04:32.958+0000] {processor.py:840} INFO - DAG(s) 'btc_bronze_load' retrieved from /opt/airflow/dags/bronze_ingestion.py
[2026-01-23T17:04:32.984+0000] {logging_mixin.py:188} INFO - [2026-01-23T17:04:32.984+0000] {dag.py:3036} INFO - Sync 1 DAGs
[2026-01-23T17:04:33.009+0000] {logging_mixin.py:188} INFO - [2026-01-23T17:04:33.009+0000] {dag.py:3823} INFO - Setting next_dagrun for btc_bronze_load to 2026-01-23 16:50:00+00:00, run_after=2026-01-23 17:00:00+00:00
[2026-01-23T17:04:33.046+0000] {processor.py:183} INFO - Processing /opt/airflow/dags/bronze_ingestion.py took 0.606 seconds
[2026-01-23T17:05:03.868+0000] {processor.py:161} INFO - Started process (PID=871) to work on /opt/airflow/dags/bronze_ingestion.py
[2026-01-23T17:05:03.869+0000] {processor.py:830} INFO - Processing file /opt/airflow/dags/bronze_ingestion.py for tasks to queue
[2026-01-23T17:05:03.870+0000] {logging_mixin.py:188} INFO - [2026-01-23T17:05:03.870+0000] {dagbag.py:538} INFO - Filling up the DagBag from /opt/airflow/dags/bronze_ingestion.py
[2026-01-23T17:05:04.395+0000] {processor.py:840} INFO - DAG(s) 'btc_bronze_load' retrieved from /opt/airflow/dags/bronze_ingestion.py
[2026-01-23T17:05:04.421+0000] {logging_mixin.py:188} INFO - [2026-01-23T17:05:04.421+0000] {dag.py:3036} INFO - Sync 1 DAGs
[2026-01-23T17:05:04.474+0000] {logging_mixin.py:188} INFO - [2026-01-23T17:05:04.473+0000] {dag.py:3823} INFO - Setting next_dagrun for btc_bronze_load to 2026-01-23 16:50:00+00:00, run_after=2026-01-23 17:00:00+00:00
[2026-01-23T17:05:04.499+0000] {processor.py:183} INFO - Processing /opt/airflow/dags/bronze_ingestion.py took 0.635 seconds
[2026-01-23T17:05:35.356+0000] {processor.py:161} INFO - Started process (PID=887) to work on /opt/airflow/dags/bronze_ingestion.py
[2026-01-23T17:05:35.358+0000] {processor.py:830} INFO - Processing file /opt/airflow/dags/bronze_ingestion.py for tasks to queue
[2026-01-23T17:05:35.359+0000] {logging_mixin.py:188} INFO - [2026-01-23T17:05:35.359+0000] {dagbag.py:538} INFO - Filling up the DagBag from /opt/airflow/dags/bronze_ingestion.py
[2026-01-23T17:05:35.897+0000] {processor.py:840} INFO - DAG(s) 'btc_bronze_load' retrieved from /opt/airflow/dags/bronze_ingestion.py
[2026-01-23T17:05:35.926+0000] {logging_mixin.py:188} INFO - [2026-01-23T17:05:35.926+0000] {dag.py:3036} INFO - Sync 1 DAGs
[2026-01-23T17:05:35.954+0000] {logging_mixin.py:188} INFO - [2026-01-23T17:05:35.954+0000] {dag.py:3823} INFO - Setting next_dagrun for btc_bronze_load to 2026-01-23 16:50:00+00:00, run_after=2026-01-23 17:00:00+00:00
[2026-01-23T17:05:35.978+0000] {processor.py:183} INFO - Processing /opt/airflow/dags/bronze_ingestion.py took 0.628 seconds
[2026-01-23T17:06:06.156+0000] {processor.py:161} INFO - Started process (PID=903) to work on /opt/airflow/dags/bronze_ingestion.py
[2026-01-23T17:06:06.159+0000] {processor.py:830} INFO - Processing file /opt/airflow/dags/bronze_ingestion.py for tasks to queue
[2026-01-23T17:06:06.161+0000] {logging_mixin.py:188} INFO - [2026-01-23T17:06:06.160+0000] {dagbag.py:538} INFO - Filling up the DagBag from /opt/airflow/dags/bronze_ingestion.py
[2026-01-23T17:06:07.193+0000] {processor.py:840} INFO - DAG(s) 'btc_bronze_load' retrieved from /opt/airflow/dags/bronze_ingestion.py
[2026-01-23T17:06:07.246+0000] {logging_mixin.py:188} INFO - [2026-01-23T17:06:07.246+0000] {dag.py:3036} INFO - Sync 1 DAGs
[2026-01-23T17:06:07.313+0000] {logging_mixin.py:188} INFO - [2026-01-23T17:06:07.313+0000] {dag.py:3823} INFO - Setting next_dagrun for btc_bronze_load to 2026-01-23 16:50:00+00:00, run_after=2026-01-23 17:00:00+00:00
[2026-01-23T17:06:07.358+0000] {processor.py:183} INFO - Processing /opt/airflow/dags/bronze_ingestion.py took 1.209 seconds
[2026-01-23T17:06:37.883+0000] {processor.py:161} INFO - Started process (PID=919) to work on /opt/airflow/dags/bronze_ingestion.py
[2026-01-23T17:06:37.886+0000] {processor.py:830} INFO - Processing file /opt/airflow/dags/bronze_ingestion.py for tasks to queue
[2026-01-23T17:06:37.894+0000] {logging_mixin.py:188} INFO - [2026-01-23T17:06:37.890+0000] {dagbag.py:538} INFO - Filling up the DagBag from /opt/airflow/dags/bronze_ingestion.py
[2026-01-23T17:06:39.194+0000] {processor.py:840} INFO - DAG(s) 'btc_bronze_load' retrieved from /opt/airflow/dags/bronze_ingestion.py
[2026-01-23T17:06:39.260+0000] {logging_mixin.py:188} INFO - [2026-01-23T17:06:39.260+0000] {dag.py:3036} INFO - Sync 1 DAGs
[2026-01-23T17:06:39.307+0000] {logging_mixin.py:188} INFO - [2026-01-23T17:06:39.306+0000] {dag.py:3823} INFO - Setting next_dagrun for btc_bronze_load to 2026-01-23 16:50:00+00:00, run_after=2026-01-23 17:00:00+00:00
[2026-01-23T17:06:39.349+0000] {processor.py:183} INFO - Processing /opt/airflow/dags/bronze_ingestion.py took 1.480 seconds
[2026-01-23T17:07:10.093+0000] {processor.py:161} INFO - Started process (PID=958) to work on /opt/airflow/dags/bronze_ingestion.py
[2026-01-23T17:07:10.095+0000] {processor.py:830} INFO - Processing file /opt/airflow/dags/bronze_ingestion.py for tasks to queue
[2026-01-23T17:07:10.097+0000] {logging_mixin.py:188} INFO - [2026-01-23T17:07:10.096+0000] {dagbag.py:538} INFO - Filling up the DagBag from /opt/airflow/dags/bronze_ingestion.py
[2026-01-23T17:07:10.964+0000] {processor.py:840} INFO - DAG(s) 'btc_bronze_load' retrieved from /opt/airflow/dags/bronze_ingestion.py
[2026-01-23T17:07:11.011+0000] {logging_mixin.py:188} INFO - [2026-01-23T17:07:11.011+0000] {dag.py:3036} INFO - Sync 1 DAGs
[2026-01-23T17:07:11.058+0000] {logging_mixin.py:188} INFO - [2026-01-23T17:07:11.058+0000] {dag.py:3823} INFO - Setting next_dagrun for btc_bronze_load to 2026-01-23 16:50:00+00:00, run_after=2026-01-23 17:00:00+00:00
[2026-01-23T17:07:11.099+0000] {processor.py:183} INFO - Processing /opt/airflow/dags/bronze_ingestion.py took 1.014 seconds
[2026-01-23T17:07:41.511+0000] {processor.py:161} INFO - Started process (PID=974) to work on /opt/airflow/dags/bronze_ingestion.py
[2026-01-23T17:07:41.514+0000] {processor.py:830} INFO - Processing file /opt/airflow/dags/bronze_ingestion.py for tasks to queue
[2026-01-23T17:07:41.516+0000] {logging_mixin.py:188} INFO - [2026-01-23T17:07:41.515+0000] {dagbag.py:538} INFO - Filling up the DagBag from /opt/airflow/dags/bronze_ingestion.py
[2026-01-23T17:07:42.688+0000] {processor.py:840} INFO - DAG(s) 'btc_bronze_load' retrieved from /opt/airflow/dags/bronze_ingestion.py
[2026-01-23T17:07:42.753+0000] {logging_mixin.py:188} INFO - [2026-01-23T17:07:42.752+0000] {dag.py:3036} INFO - Sync 1 DAGs
[2026-01-23T17:07:42.836+0000] {logging_mixin.py:188} INFO - [2026-01-23T17:07:42.836+0000] {dag.py:3823} INFO - Setting next_dagrun for btc_bronze_load to 2026-01-23 16:50:00+00:00, run_after=2026-01-23 17:00:00+00:00
[2026-01-23T17:07:42.926+0000] {processor.py:183} INFO - Processing /opt/airflow/dags/bronze_ingestion.py took 1.423 seconds
[2026-01-23T17:08:13.184+0000] {processor.py:161} INFO - Started process (PID=990) to work on /opt/airflow/dags/bronze_ingestion.py
[2026-01-23T17:08:13.186+0000] {processor.py:830} INFO - Processing file /opt/airflow/dags/bronze_ingestion.py for tasks to queue
[2026-01-23T17:08:13.188+0000] {logging_mixin.py:188} INFO - [2026-01-23T17:08:13.188+0000] {dagbag.py:538} INFO - Filling up the DagBag from /opt/airflow/dags/bronze_ingestion.py
[2026-01-23T17:08:14.060+0000] {processor.py:840} INFO - DAG(s) 'btc_bronze_load' retrieved from /opt/airflow/dags/bronze_ingestion.py
[2026-01-23T17:08:14.109+0000] {logging_mixin.py:188} INFO - [2026-01-23T17:08:14.108+0000] {dag.py:3036} INFO - Sync 1 DAGs
[2026-01-23T17:08:14.152+0000] {logging_mixin.py:188} INFO - [2026-01-23T17:08:14.152+0000] {dag.py:3823} INFO - Setting next_dagrun for btc_bronze_load to 2026-01-23 16:50:00+00:00, run_after=2026-01-23 17:00:00+00:00
[2026-01-23T17:08:14.195+0000] {processor.py:183} INFO - Processing /opt/airflow/dags/bronze_ingestion.py took 1.018 seconds
[2026-01-23T17:08:44.610+0000] {processor.py:161} INFO - Started process (PID=1006) to work on /opt/airflow/dags/bronze_ingestion.py
[2026-01-23T17:08:44.612+0000] {processor.py:830} INFO - Processing file /opt/airflow/dags/bronze_ingestion.py for tasks to queue
[2026-01-23T17:08:44.614+0000] {logging_mixin.py:188} INFO - [2026-01-23T17:08:44.614+0000] {dagbag.py:538} INFO - Filling up the DagBag from /opt/airflow/dags/bronze_ingestion.py
[2026-01-23T17:08:45.754+0000] {processor.py:840} INFO - DAG(s) 'btc_bronze_load' retrieved from /opt/airflow/dags/bronze_ingestion.py
[2026-01-23T17:08:45.810+0000] {logging_mixin.py:188} INFO - [2026-01-23T17:08:45.810+0000] {dag.py:3036} INFO - Sync 1 DAGs
[2026-01-23T17:08:45.864+0000] {logging_mixin.py:188} INFO - [2026-01-23T17:08:45.864+0000] {dag.py:3823} INFO - Setting next_dagrun for btc_bronze_load to 2026-01-23 16:50:00+00:00, run_after=2026-01-23 17:00:00+00:00
[2026-01-23T17:08:45.910+0000] {processor.py:183} INFO - Processing /opt/airflow/dags/bronze_ingestion.py took 1.307 seconds
[2026-01-23T17:09:16.241+0000] {processor.py:161} INFO - Started process (PID=1049) to work on /opt/airflow/dags/bronze_ingestion.py
[2026-01-23T17:09:16.244+0000] {processor.py:830} INFO - Processing file /opt/airflow/dags/bronze_ingestion.py for tasks to queue
[2026-01-23T17:09:16.248+0000] {logging_mixin.py:188} INFO - [2026-01-23T17:09:16.246+0000] {dagbag.py:538} INFO - Filling up the DagBag from /opt/airflow/dags/bronze_ingestion.py
[2026-01-23T17:09:17.459+0000] {processor.py:840} INFO - DAG(s) 'btc_bronze_load' retrieved from /opt/airflow/dags/bronze_ingestion.py
[2026-01-23T17:09:17.529+0000] {logging_mixin.py:188} INFO - [2026-01-23T17:09:17.528+0000] {dag.py:3036} INFO - Sync 1 DAGs
[2026-01-23T17:09:17.728+0000] {logging_mixin.py:188} INFO - [2026-01-23T17:09:17.720+0000] {dag.py:3823} INFO - Setting next_dagrun for btc_bronze_load to 2026-01-23 16:50:00+00:00, run_after=2026-01-23 17:00:00+00:00
[2026-01-23T17:09:17.799+0000] {processor.py:183} INFO - Processing /opt/airflow/dags/bronze_ingestion.py took 1.568 seconds
[2026-01-23T17:09:48.029+0000] {processor.py:161} INFO - Started process (PID=1070) to work on /opt/airflow/dags/bronze_ingestion.py
[2026-01-23T17:09:48.031+0000] {processor.py:830} INFO - Processing file /opt/airflow/dags/bronze_ingestion.py for tasks to queue
[2026-01-23T17:09:48.033+0000] {logging_mixin.py:188} INFO - [2026-01-23T17:09:48.033+0000] {dagbag.py:538} INFO - Filling up the DagBag from /opt/airflow/dags/bronze_ingestion.py
[2026-01-23T17:09:50.016+0000] {processor.py:840} INFO - DAG(s) 'btc_bronze_load' retrieved from /opt/airflow/dags/bronze_ingestion.py
[2026-01-23T17:09:50.128+0000] {logging_mixin.py:188} INFO - [2026-01-23T17:09:50.125+0000] {dag.py:3036} INFO - Sync 1 DAGs
[2026-01-23T17:09:50.321+0000] {logging_mixin.py:188} INFO - [2026-01-23T17:09:50.320+0000] {dag.py:3823} INFO - Setting next_dagrun for btc_bronze_load to 2026-01-23 16:50:00+00:00, run_after=2026-01-23 17:00:00+00:00
[2026-01-23T17:09:50.378+0000] {processor.py:183} INFO - Processing /opt/airflow/dags/bronze_ingestion.py took 2.356 seconds
[2026-01-23T17:10:20.830+0000] {processor.py:161} INFO - Started process (PID=1093) to work on /opt/airflow/dags/bronze_ingestion.py
[2026-01-23T17:10:20.833+0000] {processor.py:830} INFO - Processing file /opt/airflow/dags/bronze_ingestion.py for tasks to queue
[2026-01-23T17:10:20.837+0000] {logging_mixin.py:188} INFO - [2026-01-23T17:10:20.836+0000] {dagbag.py:538} INFO - Filling up the DagBag from /opt/airflow/dags/bronze_ingestion.py
[2026-01-23T17:10:22.010+0000] {processor.py:840} INFO - DAG(s) 'btc_bronze_load' retrieved from /opt/airflow/dags/bronze_ingestion.py
[2026-01-23T17:10:22.075+0000] {logging_mixin.py:188} INFO - [2026-01-23T17:10:22.074+0000] {dag.py:3036} INFO - Sync 1 DAGs
[2026-01-23T17:10:22.138+0000] {logging_mixin.py:188} INFO - [2026-01-23T17:10:22.137+0000] {dag.py:3823} INFO - Setting next_dagrun for btc_bronze_load to 2026-01-23 17:00:00+00:00, run_after=2026-01-23 17:10:00+00:00
[2026-01-23T17:10:22.235+0000] {processor.py:183} INFO - Processing /opt/airflow/dags/bronze_ingestion.py took 1.413 seconds
[2026-01-23T17:10:52.677+0000] {processor.py:161} INFO - Started process (PID=1122) to work on /opt/airflow/dags/bronze_ingestion.py
[2026-01-23T17:10:52.681+0000] {processor.py:830} INFO - Processing file /opt/airflow/dags/bronze_ingestion.py for tasks to queue
[2026-01-23T17:10:52.687+0000] {logging_mixin.py:188} INFO - [2026-01-23T17:10:52.684+0000] {dagbag.py:538} INFO - Filling up the DagBag from /opt/airflow/dags/bronze_ingestion.py
[2026-01-23T17:10:53.781+0000] {processor.py:840} INFO - DAG(s) 'btc_bronze_load' retrieved from /opt/airflow/dags/bronze_ingestion.py
[2026-01-23T17:10:53.849+0000] {logging_mixin.py:188} INFO - [2026-01-23T17:10:53.848+0000] {dag.py:3036} INFO - Sync 1 DAGs
[2026-01-23T17:10:53.906+0000] {logging_mixin.py:188} INFO - [2026-01-23T17:10:53.906+0000] {dag.py:3823} INFO - Setting next_dagrun for btc_bronze_load to 2026-01-23 17:00:00+00:00, run_after=2026-01-23 17:10:00+00:00
[2026-01-23T17:10:53.949+0000] {processor.py:183} INFO - Processing /opt/airflow/dags/bronze_ingestion.py took 1.288 seconds
[2026-01-23T17:11:24.268+0000] {processor.py:161} INFO - Started process (PID=1166) to work on /opt/airflow/dags/bronze_ingestion.py
[2026-01-23T17:11:24.270+0000] {processor.py:830} INFO - Processing file /opt/airflow/dags/bronze_ingestion.py for tasks to queue
[2026-01-23T17:11:24.272+0000] {logging_mixin.py:188} INFO - [2026-01-23T17:11:24.272+0000] {dagbag.py:538} INFO - Filling up the DagBag from /opt/airflow/dags/bronze_ingestion.py
[2026-01-23T17:11:25.256+0000] {processor.py:840} INFO - DAG(s) 'btc_bronze_load' retrieved from /opt/airflow/dags/bronze_ingestion.py
[2026-01-23T17:11:25.318+0000] {logging_mixin.py:188} INFO - [2026-01-23T17:11:25.317+0000] {dag.py:3036} INFO - Sync 1 DAGs
[2026-01-23T17:11:25.425+0000] {logging_mixin.py:188} INFO - [2026-01-23T17:11:25.424+0000] {dag.py:3823} INFO - Setting next_dagrun for btc_bronze_load to 2026-01-23 17:00:00+00:00, run_after=2026-01-23 17:10:00+00:00
[2026-01-23T17:11:25.474+0000] {processor.py:183} INFO - Processing /opt/airflow/dags/bronze_ingestion.py took 1.213 seconds
[2026-01-23T17:11:55.841+0000] {processor.py:161} INFO - Started process (PID=1189) to work on /opt/airflow/dags/bronze_ingestion.py
[2026-01-23T17:11:55.843+0000] {processor.py:830} INFO - Processing file /opt/airflow/dags/bronze_ingestion.py for tasks to queue
[2026-01-23T17:11:55.846+0000] {logging_mixin.py:188} INFO - [2026-01-23T17:11:55.845+0000] {dagbag.py:538} INFO - Filling up the DagBag from /opt/airflow/dags/bronze_ingestion.py
[2026-01-23T17:11:57.044+0000] {processor.py:840} INFO - DAG(s) 'btc_bronze_load' retrieved from /opt/airflow/dags/bronze_ingestion.py
[2026-01-23T17:11:57.097+0000] {logging_mixin.py:188} INFO - [2026-01-23T17:11:57.096+0000] {dag.py:3036} INFO - Sync 1 DAGs
[2026-01-23T17:11:57.155+0000] {logging_mixin.py:188} INFO - [2026-01-23T17:11:57.154+0000] {dag.py:3823} INFO - Setting next_dagrun for btc_bronze_load to 2026-01-23 17:00:00+00:00, run_after=2026-01-23 17:10:00+00:00
[2026-01-23T17:11:57.227+0000] {processor.py:183} INFO - Processing /opt/airflow/dags/bronze_ingestion.py took 1.396 seconds
[2026-01-23T17:12:27.407+0000] {processor.py:161} INFO - Started process (PID=1212) to work on /opt/airflow/dags/bronze_ingestion.py
[2026-01-23T17:12:27.410+0000] {processor.py:830} INFO - Processing file /opt/airflow/dags/bronze_ingestion.py for tasks to queue
[2026-01-23T17:12:27.413+0000] {logging_mixin.py:188} INFO - [2026-01-23T17:12:27.413+0000] {dagbag.py:538} INFO - Filling up the DagBag from /opt/airflow/dags/bronze_ingestion.py
[2026-01-23T17:12:28.295+0000] {processor.py:840} INFO - DAG(s) 'btc_bronze_load' retrieved from /opt/airflow/dags/bronze_ingestion.py
[2026-01-23T17:12:28.348+0000] {logging_mixin.py:188} INFO - [2026-01-23T17:12:28.347+0000] {dag.py:3036} INFO - Sync 1 DAGs
[2026-01-23T17:12:28.416+0000] {logging_mixin.py:188} INFO - [2026-01-23T17:12:28.416+0000] {dag.py:3823} INFO - Setting next_dagrun for btc_bronze_load to 2026-01-23 17:00:00+00:00, run_after=2026-01-23 17:10:00+00:00
[2026-01-23T17:12:28.456+0000] {processor.py:183} INFO - Processing /opt/airflow/dags/bronze_ingestion.py took 1.076 seconds
[2026-01-23T17:12:59.326+0000] {processor.py:161} INFO - Started process (PID=1245) to work on /opt/airflow/dags/bronze_ingestion.py
[2026-01-23T17:12:59.328+0000] {processor.py:830} INFO - Processing file /opt/airflow/dags/bronze_ingestion.py for tasks to queue
[2026-01-23T17:12:59.330+0000] {logging_mixin.py:188} INFO - [2026-01-23T17:12:59.329+0000] {dagbag.py:538} INFO - Filling up the DagBag from /opt/airflow/dags/bronze_ingestion.py
[2026-01-23T17:13:00.415+0000] {processor.py:840} INFO - DAG(s) 'btc_bronze_load' retrieved from /opt/airflow/dags/bronze_ingestion.py
[2026-01-23T17:13:00.464+0000] {logging_mixin.py:188} INFO - [2026-01-23T17:13:00.463+0000] {dag.py:3036} INFO - Sync 1 DAGs
[2026-01-23T17:13:00.520+0000] {logging_mixin.py:188} INFO - [2026-01-23T17:13:00.519+0000] {dag.py:3823} INFO - Setting next_dagrun for btc_bronze_load to 2026-01-23 17:00:00+00:00, run_after=2026-01-23 17:10:00+00:00
[2026-01-23T17:13:00.583+0000] {processor.py:183} INFO - Processing /opt/airflow/dags/bronze_ingestion.py took 1.263 seconds
[2026-01-23T17:13:30.911+0000] {processor.py:161} INFO - Started process (PID=1271) to work on /opt/airflow/dags/bronze_ingestion.py
[2026-01-23T17:13:30.913+0000] {processor.py:830} INFO - Processing file /opt/airflow/dags/bronze_ingestion.py for tasks to queue
[2026-01-23T17:13:30.915+0000] {logging_mixin.py:188} INFO - [2026-01-23T17:13:30.914+0000] {dagbag.py:538} INFO - Filling up the DagBag from /opt/airflow/dags/bronze_ingestion.py
[2026-01-23T17:13:31.836+0000] {processor.py:840} INFO - DAG(s) 'btc_bronze_load' retrieved from /opt/airflow/dags/bronze_ingestion.py
[2026-01-23T17:13:31.887+0000] {logging_mixin.py:188} INFO - [2026-01-23T17:13:31.886+0000] {dag.py:3036} INFO - Sync 1 DAGs
[2026-01-23T17:13:31.943+0000] {logging_mixin.py:188} INFO - [2026-01-23T17:13:31.943+0000] {dag.py:3823} INFO - Setting next_dagrun for btc_bronze_load to 2026-01-23 17:00:00+00:00, run_after=2026-01-23 17:10:00+00:00
[2026-01-23T17:13:32.014+0000] {processor.py:183} INFO - Processing /opt/airflow/dags/bronze_ingestion.py took 1.110 seconds
[2026-01-23T17:14:02.822+0000] {processor.py:161} INFO - Started process (PID=1307) to work on /opt/airflow/dags/bronze_ingestion.py
[2026-01-23T17:14:02.826+0000] {processor.py:830} INFO - Processing file /opt/airflow/dags/bronze_ingestion.py for tasks to queue
[2026-01-23T17:14:02.830+0000] {logging_mixin.py:188} INFO - [2026-01-23T17:14:02.829+0000] {dagbag.py:538} INFO - Filling up the DagBag from /opt/airflow/dags/bronze_ingestion.py
[2026-01-23T17:14:03.972+0000] {processor.py:840} INFO - DAG(s) 'btc_bronze_load' retrieved from /opt/airflow/dags/bronze_ingestion.py
[2026-01-23T17:14:04.024+0000] {logging_mixin.py:188} INFO - [2026-01-23T17:14:04.023+0000] {dag.py:3036} INFO - Sync 1 DAGs
[2026-01-23T17:14:04.070+0000] {logging_mixin.py:188} INFO - [2026-01-23T17:14:04.070+0000] {dag.py:3823} INFO - Setting next_dagrun for btc_bronze_load to 2026-01-23 17:00:00+00:00, run_after=2026-01-23 17:10:00+00:00
[2026-01-23T17:14:04.110+0000] {processor.py:183} INFO - Processing /opt/airflow/dags/bronze_ingestion.py took 1.298 seconds
[2026-01-23T17:14:34.926+0000] {processor.py:161} INFO - Started process (PID=1346) to work on /opt/airflow/dags/bronze_ingestion.py
[2026-01-23T17:14:34.928+0000] {processor.py:830} INFO - Processing file /opt/airflow/dags/bronze_ingestion.py for tasks to queue
[2026-01-23T17:14:34.933+0000] {logging_mixin.py:188} INFO - [2026-01-23T17:14:34.932+0000] {dagbag.py:538} INFO - Filling up the DagBag from /opt/airflow/dags/bronze_ingestion.py
[2026-01-23T17:14:36.241+0000] {processor.py:840} INFO - DAG(s) 'btc_bronze_load' retrieved from /opt/airflow/dags/bronze_ingestion.py
[2026-01-23T17:14:36.315+0000] {logging_mixin.py:188} INFO - [2026-01-23T17:14:36.314+0000] {dag.py:3036} INFO - Sync 1 DAGs
[2026-01-23T17:14:36.383+0000] {logging_mixin.py:188} INFO - [2026-01-23T17:14:36.383+0000] {dag.py:3823} INFO - Setting next_dagrun for btc_bronze_load to 2026-01-23 17:00:00+00:00, run_after=2026-01-23 17:10:00+00:00
[2026-01-23T17:14:36.436+0000] {processor.py:183} INFO - Processing /opt/airflow/dags/bronze_ingestion.py took 1.527 seconds
[2026-01-23T17:15:06.972+0000] {processor.py:161} INFO - Started process (PID=1379) to work on /opt/airflow/dags/bronze_ingestion.py
[2026-01-23T17:15:06.974+0000] {processor.py:830} INFO - Processing file /opt/airflow/dags/bronze_ingestion.py for tasks to queue
[2026-01-23T17:15:06.976+0000] {logging_mixin.py:188} INFO - [2026-01-23T17:15:06.975+0000] {dagbag.py:538} INFO - Filling up the DagBag from /opt/airflow/dags/bronze_ingestion.py
[2026-01-23T17:15:07.872+0000] {processor.py:840} INFO - DAG(s) 'btc_bronze_load' retrieved from /opt/airflow/dags/bronze_ingestion.py
[2026-01-23T17:15:07.926+0000] {logging_mixin.py:188} INFO - [2026-01-23T17:15:07.925+0000] {dag.py:3036} INFO - Sync 1 DAGs
[2026-01-23T17:15:08.018+0000] {logging_mixin.py:188} INFO - [2026-01-23T17:15:08.018+0000] {dag.py:3823} INFO - Setting next_dagrun for btc_bronze_load to 2026-01-23 17:00:00+00:00, run_after=2026-01-23 17:10:00+00:00
[2026-01-23T17:15:08.067+0000] {processor.py:183} INFO - Processing /opt/airflow/dags/bronze_ingestion.py took 1.102 seconds
[2026-01-23T17:15:38.679+0000] {processor.py:161} INFO - Started process (PID=1405) to work on /opt/airflow/dags/bronze_ingestion.py
[2026-01-23T17:15:38.682+0000] {processor.py:830} INFO - Processing file /opt/airflow/dags/bronze_ingestion.py for tasks to queue
[2026-01-23T17:15:38.684+0000] {logging_mixin.py:188} INFO - [2026-01-23T17:15:38.684+0000] {dagbag.py:538} INFO - Filling up the DagBag from /opt/airflow/dags/bronze_ingestion.py
[2026-01-23T17:15:39.551+0000] {processor.py:840} INFO - DAG(s) 'btc_bronze_load' retrieved from /opt/airflow/dags/bronze_ingestion.py
[2026-01-23T17:15:39.602+0000] {logging_mixin.py:188} INFO - [2026-01-23T17:15:39.601+0000] {dag.py:3036} INFO - Sync 1 DAGs
[2026-01-23T17:15:39.649+0000] {logging_mixin.py:188} INFO - [2026-01-23T17:15:39.648+0000] {dag.py:3823} INFO - Setting next_dagrun for btc_bronze_load to 2026-01-23 17:00:00+00:00, run_after=2026-01-23 17:10:00+00:00
[2026-01-23T17:15:39.704+0000] {processor.py:183} INFO - Processing /opt/airflow/dags/bronze_ingestion.py took 1.032 seconds
[2026-01-23T17:16:09.931+0000] {processor.py:161} INFO - Started process (PID=1421) to work on /opt/airflow/dags/bronze_ingestion.py
[2026-01-23T17:16:09.932+0000] {processor.py:830} INFO - Processing file /opt/airflow/dags/bronze_ingestion.py for tasks to queue
[2026-01-23T17:16:09.933+0000] {logging_mixin.py:188} INFO - [2026-01-23T17:16:09.933+0000] {dagbag.py:538} INFO - Filling up the DagBag from /opt/airflow/dags/bronze_ingestion.py
[2026-01-23T17:16:10.419+0000] {processor.py:840} INFO - DAG(s) 'btc_bronze_load' retrieved from /opt/airflow/dags/bronze_ingestion.py
[2026-01-23T17:16:10.446+0000] {logging_mixin.py:188} INFO - [2026-01-23T17:16:10.445+0000] {dag.py:3036} INFO - Sync 1 DAGs
[2026-01-23T17:16:10.470+0000] {logging_mixin.py:188} INFO - [2026-01-23T17:16:10.470+0000] {dag.py:3823} INFO - Setting next_dagrun for btc_bronze_load to 2026-01-23 17:00:00+00:00, run_after=2026-01-23 17:10:00+00:00
[2026-01-23T17:16:10.497+0000] {processor.py:183} INFO - Processing /opt/airflow/dags/bronze_ingestion.py took 0.571 seconds
[2026-01-23T17:16:41.159+0000] {processor.py:161} INFO - Started process (PID=1437) to work on /opt/airflow/dags/bronze_ingestion.py
[2026-01-23T17:16:41.160+0000] {processor.py:830} INFO - Processing file /opt/airflow/dags/bronze_ingestion.py for tasks to queue
[2026-01-23T17:16:41.161+0000] {logging_mixin.py:188} INFO - [2026-01-23T17:16:41.161+0000] {dagbag.py:538} INFO - Filling up the DagBag from /opt/airflow/dags/bronze_ingestion.py
[2026-01-23T17:16:41.659+0000] {processor.py:840} INFO - DAG(s) 'btc_bronze_load' retrieved from /opt/airflow/dags/bronze_ingestion.py
[2026-01-23T17:16:41.687+0000] {logging_mixin.py:188} INFO - [2026-01-23T17:16:41.687+0000] {dag.py:3036} INFO - Sync 1 DAGs
[2026-01-23T17:16:41.712+0000] {logging_mixin.py:188} INFO - [2026-01-23T17:16:41.712+0000] {dag.py:3823} INFO - Setting next_dagrun for btc_bronze_load to 2026-01-23 17:00:00+00:00, run_after=2026-01-23 17:10:00+00:00
[2026-01-23T17:16:41.748+0000] {processor.py:183} INFO - Processing /opt/airflow/dags/bronze_ingestion.py took 0.593 seconds
[2026-01-23T17:17:11.984+0000] {processor.py:161} INFO - Started process (PID=1465) to work on /opt/airflow/dags/bronze_ingestion.py
[2026-01-23T17:17:11.985+0000] {processor.py:830} INFO - Processing file /opt/airflow/dags/bronze_ingestion.py for tasks to queue
[2026-01-23T17:17:11.986+0000] {logging_mixin.py:188} INFO - [2026-01-23T17:17:11.985+0000] {dagbag.py:538} INFO - Filling up the DagBag from /opt/airflow/dags/bronze_ingestion.py
[2026-01-23T17:17:12.546+0000] {processor.py:840} INFO - DAG(s) 'btc_bronze_load' retrieved from /opt/airflow/dags/bronze_ingestion.py
[2026-01-23T17:17:12.573+0000] {logging_mixin.py:188} INFO - [2026-01-23T17:17:12.573+0000] {dag.py:3036} INFO - Sync 1 DAGs
[2026-01-23T17:17:12.597+0000] {logging_mixin.py:188} INFO - [2026-01-23T17:17:12.597+0000] {dag.py:3823} INFO - Setting next_dagrun for btc_bronze_load to 2026-01-23 17:00:00+00:00, run_after=2026-01-23 17:10:00+00:00
[2026-01-23T17:17:12.628+0000] {processor.py:183} INFO - Processing /opt/airflow/dags/bronze_ingestion.py took 0.649 seconds
[2026-01-23T17:17:42.724+0000] {processor.py:161} INFO - Started process (PID=1488) to work on /opt/airflow/dags/bronze_ingestion.py
[2026-01-23T17:17:42.727+0000] {processor.py:830} INFO - Processing file /opt/airflow/dags/bronze_ingestion.py for tasks to queue
[2026-01-23T17:17:42.730+0000] {logging_mixin.py:188} INFO - [2026-01-23T17:17:42.729+0000] {dagbag.py:538} INFO - Filling up the DagBag from /opt/airflow/dags/bronze_ingestion.py
[2026-01-23T17:17:43.397+0000] {processor.py:840} INFO - DAG(s) 'btc_bronze_load' retrieved from /opt/airflow/dags/bronze_ingestion.py
[2026-01-23T17:17:43.424+0000] {logging_mixin.py:188} INFO - [2026-01-23T17:17:43.423+0000] {dag.py:3036} INFO - Sync 1 DAGs
[2026-01-23T17:17:43.450+0000] {logging_mixin.py:188} INFO - [2026-01-23T17:17:43.450+0000] {dag.py:3823} INFO - Setting next_dagrun for btc_bronze_load to 2026-01-23 17:00:00+00:00, run_after=2026-01-23 17:10:00+00:00
[2026-01-23T17:17:43.476+0000] {processor.py:183} INFO - Processing /opt/airflow/dags/bronze_ingestion.py took 0.761 seconds
[2026-01-23T17:18:13.579+0000] {processor.py:161} INFO - Started process (PID=1511) to work on /opt/airflow/dags/bronze_ingestion.py
[2026-01-23T17:18:13.580+0000] {processor.py:830} INFO - Processing file /opt/airflow/dags/bronze_ingestion.py for tasks to queue
[2026-01-23T17:18:13.583+0000] {logging_mixin.py:188} INFO - [2026-01-23T17:18:13.582+0000] {dagbag.py:538} INFO - Filling up the DagBag from /opt/airflow/dags/bronze_ingestion.py
[2026-01-23T17:18:14.121+0000] {processor.py:840} INFO - DAG(s) 'btc_bronze_load' retrieved from /opt/airflow/dags/bronze_ingestion.py
[2026-01-23T17:18:14.152+0000] {logging_mixin.py:188} INFO - [2026-01-23T17:18:14.151+0000] {dag.py:3036} INFO - Sync 1 DAGs
[2026-01-23T17:18:14.185+0000] {logging_mixin.py:188} INFO - [2026-01-23T17:18:14.185+0000] {dag.py:3823} INFO - Setting next_dagrun for btc_bronze_load to 2026-01-23 17:00:00+00:00, run_after=2026-01-23 17:10:00+00:00
[2026-01-23T17:18:14.213+0000] {processor.py:183} INFO - Processing /opt/airflow/dags/bronze_ingestion.py took 0.639 seconds
[2026-01-23T17:18:44.898+0000] {processor.py:161} INFO - Started process (PID=1539) to work on /opt/airflow/dags/bronze_ingestion.py
[2026-01-23T17:18:44.900+0000] {processor.py:830} INFO - Processing file /opt/airflow/dags/bronze_ingestion.py for tasks to queue
[2026-01-23T17:18:44.901+0000] {logging_mixin.py:188} INFO - [2026-01-23T17:18:44.901+0000] {dagbag.py:538} INFO - Filling up the DagBag from /opt/airflow/dags/bronze_ingestion.py
[2026-01-23T17:18:45.436+0000] {processor.py:840} INFO - DAG(s) 'btc_bronze_load' retrieved from /opt/airflow/dags/bronze_ingestion.py
[2026-01-23T17:18:45.462+0000] {logging_mixin.py:188} INFO - [2026-01-23T17:18:45.462+0000] {dag.py:3036} INFO - Sync 1 DAGs
[2026-01-23T17:18:45.487+0000] {logging_mixin.py:188} INFO - [2026-01-23T17:18:45.487+0000] {dag.py:3823} INFO - Setting next_dagrun for btc_bronze_load to 2026-01-23 17:00:00+00:00, run_after=2026-01-23 17:10:00+00:00
[2026-01-23T17:18:45.513+0000] {processor.py:183} INFO - Processing /opt/airflow/dags/bronze_ingestion.py took 0.621 seconds
[2026-01-23T17:19:16.306+0000] {processor.py:161} INFO - Started process (PID=1562) to work on /opt/airflow/dags/bronze_ingestion.py
[2026-01-23T17:19:16.307+0000] {processor.py:830} INFO - Processing file /opt/airflow/dags/bronze_ingestion.py for tasks to queue
[2026-01-23T17:19:16.308+0000] {logging_mixin.py:188} INFO - [2026-01-23T17:19:16.308+0000] {dagbag.py:538} INFO - Filling up the DagBag from /opt/airflow/dags/bronze_ingestion.py
[2026-01-23T17:19:16.808+0000] {processor.py:840} INFO - DAG(s) 'btc_bronze_load' retrieved from /opt/airflow/dags/bronze_ingestion.py
[2026-01-23T17:19:16.851+0000] {logging_mixin.py:188} INFO - [2026-01-23T17:19:16.850+0000] {dag.py:3036} INFO - Sync 1 DAGs
[2026-01-23T17:19:16.883+0000] {logging_mixin.py:188} INFO - [2026-01-23T17:19:16.882+0000] {dag.py:3823} INFO - Setting next_dagrun for btc_bronze_load to 2026-01-23 17:00:00+00:00, run_after=2026-01-23 17:10:00+00:00
[2026-01-23T17:19:16.907+0000] {processor.py:183} INFO - Processing /opt/airflow/dags/bronze_ingestion.py took 0.606 seconds
[2026-01-23T17:19:47.578+0000] {processor.py:161} INFO - Started process (PID=1585) to work on /opt/airflow/dags/bronze_ingestion.py
[2026-01-23T17:19:47.580+0000] {processor.py:830} INFO - Processing file /opt/airflow/dags/bronze_ingestion.py for tasks to queue
[2026-01-23T17:19:47.581+0000] {logging_mixin.py:188} INFO - [2026-01-23T17:19:47.581+0000] {dagbag.py:538} INFO - Filling up the DagBag from /opt/airflow/dags/bronze_ingestion.py
[2026-01-23T17:19:48.120+0000] {processor.py:840} INFO - DAG(s) 'btc_bronze_load' retrieved from /opt/airflow/dags/bronze_ingestion.py
[2026-01-23T17:19:48.149+0000] {logging_mixin.py:188} INFO - [2026-01-23T17:19:48.149+0000] {dag.py:3036} INFO - Sync 1 DAGs
[2026-01-23T17:19:48.177+0000] {logging_mixin.py:188} INFO - [2026-01-23T17:19:48.176+0000] {dag.py:3823} INFO - Setting next_dagrun for btc_bronze_load to 2026-01-23 17:00:00+00:00, run_after=2026-01-23 17:10:00+00:00
[2026-01-23T17:19:48.200+0000] {processor.py:183} INFO - Processing /opt/airflow/dags/bronze_ingestion.py took 0.627 seconds
[2026-01-23T17:20:18.340+0000] {processor.py:161} INFO - Started process (PID=1608) to work on /opt/airflow/dags/bronze_ingestion.py
[2026-01-23T17:20:18.342+0000] {processor.py:830} INFO - Processing file /opt/airflow/dags/bronze_ingestion.py for tasks to queue
[2026-01-23T17:20:18.343+0000] {logging_mixin.py:188} INFO - [2026-01-23T17:20:18.342+0000] {dagbag.py:538} INFO - Filling up the DagBag from /opt/airflow/dags/bronze_ingestion.py
[2026-01-23T17:20:18.875+0000] {processor.py:840} INFO - DAG(s) 'btc_bronze_load' retrieved from /opt/airflow/dags/bronze_ingestion.py
[2026-01-23T17:20:18.904+0000] {logging_mixin.py:188} INFO - [2026-01-23T17:20:18.904+0000] {dag.py:3036} INFO - Sync 1 DAGs
[2026-01-23T17:20:18.930+0000] {logging_mixin.py:188} INFO - [2026-01-23T17:20:18.929+0000] {dag.py:3823} INFO - Setting next_dagrun for btc_bronze_load to 2026-01-23 17:10:00+00:00, run_after=2026-01-23 17:20:00+00:00
[2026-01-23T17:20:18.955+0000] {processor.py:183} INFO - Processing /opt/airflow/dags/bronze_ingestion.py took 0.619 seconds
[2026-01-23T17:20:49.548+0000] {processor.py:161} INFO - Started process (PID=1631) to work on /opt/airflow/dags/bronze_ingestion.py
[2026-01-23T17:20:49.549+0000] {processor.py:830} INFO - Processing file /opt/airflow/dags/bronze_ingestion.py for tasks to queue
[2026-01-23T17:20:49.550+0000] {logging_mixin.py:188} INFO - [2026-01-23T17:20:49.550+0000] {dagbag.py:538} INFO - Filling up the DagBag from /opt/airflow/dags/bronze_ingestion.py
[2026-01-23T17:20:50.031+0000] {processor.py:840} INFO - DAG(s) 'btc_bronze_load' retrieved from /opt/airflow/dags/bronze_ingestion.py
[2026-01-23T17:20:50.059+0000] {logging_mixin.py:188} INFO - [2026-01-23T17:20:50.059+0000] {dag.py:3036} INFO - Sync 1 DAGs
[2026-01-23T17:20:50.085+0000] {logging_mixin.py:188} INFO - [2026-01-23T17:20:50.085+0000] {dag.py:3823} INFO - Setting next_dagrun for btc_bronze_load to 2026-01-23 17:10:00+00:00, run_after=2026-01-23 17:20:00+00:00
[2026-01-23T17:20:50.109+0000] {processor.py:183} INFO - Processing /opt/airflow/dags/bronze_ingestion.py took 0.566 seconds
[2026-01-23T17:21:20.379+0000] {processor.py:161} INFO - Started process (PID=1654) to work on /opt/airflow/dags/bronze_ingestion.py
[2026-01-23T17:21:20.381+0000] {processor.py:830} INFO - Processing file /opt/airflow/dags/bronze_ingestion.py for tasks to queue
[2026-01-23T17:21:20.382+0000] {logging_mixin.py:188} INFO - [2026-01-23T17:21:20.382+0000] {dagbag.py:538} INFO - Filling up the DagBag from /opt/airflow/dags/bronze_ingestion.py
[2026-01-23T17:21:20.903+0000] {processor.py:840} INFO - DAG(s) 'btc_bronze_load' retrieved from /opt/airflow/dags/bronze_ingestion.py
[2026-01-23T17:21:20.943+0000] {logging_mixin.py:188} INFO - [2026-01-23T17:21:20.943+0000] {dag.py:3036} INFO - Sync 1 DAGs
[2026-01-23T17:21:20.968+0000] {logging_mixin.py:188} INFO - [2026-01-23T17:21:20.968+0000] {dag.py:3823} INFO - Setting next_dagrun for btc_bronze_load to 2026-01-23 17:10:00+00:00, run_after=2026-01-23 17:20:00+00:00
[2026-01-23T17:21:20.988+0000] {processor.py:183} INFO - Processing /opt/airflow/dags/bronze_ingestion.py took 0.613 seconds
[2026-01-23T17:21:51.598+0000] {processor.py:161} INFO - Started process (PID=1677) to work on /opt/airflow/dags/bronze_ingestion.py
[2026-01-23T17:21:51.599+0000] {processor.py:830} INFO - Processing file /opt/airflow/dags/bronze_ingestion.py for tasks to queue
[2026-01-23T17:21:51.600+0000] {logging_mixin.py:188} INFO - [2026-01-23T17:21:51.600+0000] {dagbag.py:538} INFO - Filling up the DagBag from /opt/airflow/dags/bronze_ingestion.py
[2026-01-23T17:21:52.087+0000] {processor.py:840} INFO - DAG(s) 'btc_bronze_load' retrieved from /opt/airflow/dags/bronze_ingestion.py
[2026-01-23T17:21:52.120+0000] {logging_mixin.py:188} INFO - [2026-01-23T17:21:52.119+0000] {dag.py:3036} INFO - Sync 1 DAGs
[2026-01-23T17:21:52.158+0000] {logging_mixin.py:188} INFO - [2026-01-23T17:21:52.158+0000] {dag.py:3823} INFO - Setting next_dagrun for btc_bronze_load to 2026-01-23 17:10:00+00:00, run_after=2026-01-23 17:20:00+00:00
[2026-01-23T17:21:52.193+0000] {processor.py:183} INFO - Processing /opt/airflow/dags/bronze_ingestion.py took 0.599 seconds
[2026-01-23T17:22:22.342+0000] {processor.py:161} INFO - Started process (PID=1700) to work on /opt/airflow/dags/bronze_ingestion.py
[2026-01-23T17:22:22.344+0000] {processor.py:830} INFO - Processing file /opt/airflow/dags/bronze_ingestion.py for tasks to queue
[2026-01-23T17:22:22.345+0000] {logging_mixin.py:188} INFO - [2026-01-23T17:22:22.344+0000] {dagbag.py:538} INFO - Filling up the DagBag from /opt/airflow/dags/bronze_ingestion.py
[2026-01-23T17:22:22.998+0000] {processor.py:840} INFO - DAG(s) 'btc_bronze_load' retrieved from /opt/airflow/dags/bronze_ingestion.py
[2026-01-23T17:22:23.042+0000] {logging_mixin.py:188} INFO - [2026-01-23T17:22:23.042+0000] {dag.py:3036} INFO - Sync 1 DAGs
[2026-01-23T17:22:23.070+0000] {logging_mixin.py:188} INFO - [2026-01-23T17:22:23.070+0000] {dag.py:3823} INFO - Setting next_dagrun for btc_bronze_load to 2026-01-23 17:10:00+00:00, run_after=2026-01-23 17:20:00+00:00
[2026-01-23T17:22:23.098+0000] {processor.py:183} INFO - Processing /opt/airflow/dags/bronze_ingestion.py took 0.754 seconds
[2026-01-23T17:22:53.149+0000] {processor.py:161} INFO - Started process (PID=1723) to work on /opt/airflow/dags/bronze_ingestion.py
[2026-01-23T17:22:53.150+0000] {processor.py:830} INFO - Processing file /opt/airflow/dags/bronze_ingestion.py for tasks to queue
[2026-01-23T17:22:53.151+0000] {logging_mixin.py:188} INFO - [2026-01-23T17:22:53.151+0000] {dagbag.py:538} INFO - Filling up the DagBag from /opt/airflow/dags/bronze_ingestion.py
[2026-01-23T17:22:53.637+0000] {processor.py:840} INFO - DAG(s) 'btc_bronze_load' retrieved from /opt/airflow/dags/bronze_ingestion.py
[2026-01-23T17:22:53.667+0000] {logging_mixin.py:188} INFO - [2026-01-23T17:22:53.667+0000] {dag.py:3036} INFO - Sync 1 DAGs
[2026-01-23T17:22:53.708+0000] {logging_mixin.py:188} INFO - [2026-01-23T17:22:53.708+0000] {dag.py:3823} INFO - Setting next_dagrun for btc_bronze_load to 2026-01-23 17:10:00+00:00, run_after=2026-01-23 17:20:00+00:00
[2026-01-23T17:22:53.730+0000] {processor.py:183} INFO - Processing /opt/airflow/dags/bronze_ingestion.py took 0.585 seconds
[2026-01-23T17:23:23.891+0000] {processor.py:161} INFO - Started process (PID=1746) to work on /opt/airflow/dags/bronze_ingestion.py
[2026-01-23T17:23:23.895+0000] {processor.py:830} INFO - Processing file /opt/airflow/dags/bronze_ingestion.py for tasks to queue
[2026-01-23T17:23:23.898+0000] {logging_mixin.py:188} INFO - [2026-01-23T17:23:23.897+0000] {dagbag.py:538} INFO - Filling up the DagBag from /opt/airflow/dags/bronze_ingestion.py
[2026-01-23T17:23:24.516+0000] {processor.py:840} INFO - DAG(s) 'btc_bronze_load' retrieved from /opt/airflow/dags/bronze_ingestion.py
[2026-01-23T17:23:24.548+0000] {logging_mixin.py:188} INFO - [2026-01-23T17:23:24.548+0000] {dag.py:3036} INFO - Sync 1 DAGs
[2026-01-23T17:23:24.575+0000] {logging_mixin.py:188} INFO - [2026-01-23T17:23:24.574+0000] {dag.py:3823} INFO - Setting next_dagrun for btc_bronze_load to 2026-01-23 17:10:00+00:00, run_after=2026-01-23 17:20:00+00:00
[2026-01-23T17:23:24.615+0000] {processor.py:183} INFO - Processing /opt/airflow/dags/bronze_ingestion.py took 0.731 seconds
[2026-01-23T17:23:54.778+0000] {processor.py:161} INFO - Started process (PID=1769) to work on /opt/airflow/dags/bronze_ingestion.py
[2026-01-23T17:23:54.779+0000] {processor.py:830} INFO - Processing file /opt/airflow/dags/bronze_ingestion.py for tasks to queue
[2026-01-23T17:23:54.780+0000] {logging_mixin.py:188} INFO - [2026-01-23T17:23:54.780+0000] {dagbag.py:538} INFO - Filling up the DagBag from /opt/airflow/dags/bronze_ingestion.py
[2026-01-23T17:23:55.311+0000] {processor.py:840} INFO - DAG(s) 'btc_bronze_load' retrieved from /opt/airflow/dags/bronze_ingestion.py
[2026-01-23T17:23:55.342+0000] {logging_mixin.py:188} INFO - [2026-01-23T17:23:55.341+0000] {dag.py:3036} INFO - Sync 1 DAGs
[2026-01-23T17:23:55.402+0000] {logging_mixin.py:188} INFO - [2026-01-23T17:23:55.401+0000] {dag.py:3823} INFO - Setting next_dagrun for btc_bronze_load to 2026-01-23 17:10:00+00:00, run_after=2026-01-23 17:20:00+00:00
[2026-01-23T17:23:55.431+0000] {processor.py:183} INFO - Processing /opt/airflow/dags/bronze_ingestion.py took 0.657 seconds
[2026-01-23T17:24:26.027+0000] {processor.py:161} INFO - Started process (PID=1792) to work on /opt/airflow/dags/bronze_ingestion.py
[2026-01-23T17:24:26.028+0000] {processor.py:830} INFO - Processing file /opt/airflow/dags/bronze_ingestion.py for tasks to queue
[2026-01-23T17:24:26.029+0000] {logging_mixin.py:188} INFO - [2026-01-23T17:24:26.029+0000] {dagbag.py:538} INFO - Filling up the DagBag from /opt/airflow/dags/bronze_ingestion.py
[2026-01-23T17:24:26.515+0000] {processor.py:840} INFO - DAG(s) 'btc_bronze_load' retrieved from /opt/airflow/dags/bronze_ingestion.py
[2026-01-23T17:24:26.543+0000] {logging_mixin.py:188} INFO - [2026-01-23T17:24:26.542+0000] {dag.py:3036} INFO - Sync 1 DAGs
[2026-01-23T17:24:26.567+0000] {logging_mixin.py:188} INFO - [2026-01-23T17:24:26.567+0000] {dag.py:3823} INFO - Setting next_dagrun for btc_bronze_load to 2026-01-23 17:10:00+00:00, run_after=2026-01-23 17:20:00+00:00
[2026-01-23T17:24:26.592+0000] {processor.py:183} INFO - Processing /opt/airflow/dags/bronze_ingestion.py took 0.570 seconds
[2026-01-23T17:24:56.899+0000] {processor.py:161} INFO - Started process (PID=1815) to work on /opt/airflow/dags/bronze_ingestion.py
[2026-01-23T17:24:56.901+0000] {processor.py:830} INFO - Processing file /opt/airflow/dags/bronze_ingestion.py for tasks to queue
[2026-01-23T17:24:56.902+0000] {logging_mixin.py:188} INFO - [2026-01-23T17:24:56.901+0000] {dagbag.py:538} INFO - Filling up the DagBag from /opt/airflow/dags/bronze_ingestion.py
[2026-01-23T17:24:57.470+0000] {processor.py:840} INFO - DAG(s) 'btc_bronze_load' retrieved from /opt/airflow/dags/bronze_ingestion.py
[2026-01-23T17:24:57.505+0000] {logging_mixin.py:188} INFO - [2026-01-23T17:24:57.504+0000] {dag.py:3036} INFO - Sync 1 DAGs
[2026-01-23T17:24:57.534+0000] {logging_mixin.py:188} INFO - [2026-01-23T17:24:57.533+0000] {dag.py:3823} INFO - Setting next_dagrun for btc_bronze_load to 2026-01-23 17:10:00+00:00, run_after=2026-01-23 17:20:00+00:00
[2026-01-23T17:24:57.570+0000] {processor.py:183} INFO - Processing /opt/airflow/dags/bronze_ingestion.py took 0.677 seconds
[2026-01-23T17:25:28.175+0000] {processor.py:161} INFO - Started process (PID=1838) to work on /opt/airflow/dags/bronze_ingestion.py
[2026-01-23T17:25:28.177+0000] {processor.py:830} INFO - Processing file /opt/airflow/dags/bronze_ingestion.py for tasks to queue
[2026-01-23T17:25:28.179+0000] {logging_mixin.py:188} INFO - [2026-01-23T17:25:28.178+0000] {dagbag.py:538} INFO - Filling up the DagBag from /opt/airflow/dags/bronze_ingestion.py
[2026-01-23T17:25:28.748+0000] {processor.py:840} INFO - DAG(s) 'btc_bronze_load' retrieved from /opt/airflow/dags/bronze_ingestion.py
[2026-01-23T17:25:28.778+0000] {logging_mixin.py:188} INFO - [2026-01-23T17:25:28.777+0000] {dag.py:3036} INFO - Sync 1 DAGs
[2026-01-23T17:25:28.805+0000] {logging_mixin.py:188} INFO - [2026-01-23T17:25:28.805+0000] {dag.py:3823} INFO - Setting next_dagrun for btc_bronze_load to 2026-01-23 17:10:00+00:00, run_after=2026-01-23 17:20:00+00:00
[2026-01-23T17:25:28.838+0000] {processor.py:183} INFO - Processing /opt/airflow/dags/bronze_ingestion.py took 0.666 seconds
[2026-01-23T17:25:59.531+0000] {processor.py:161} INFO - Started process (PID=1861) to work on /opt/airflow/dags/bronze_ingestion.py
[2026-01-23T17:25:59.533+0000] {processor.py:830} INFO - Processing file /opt/airflow/dags/bronze_ingestion.py for tasks to queue
[2026-01-23T17:25:59.534+0000] {logging_mixin.py:188} INFO - [2026-01-23T17:25:59.534+0000] {dagbag.py:538} INFO - Filling up the DagBag from /opt/airflow/dags/bronze_ingestion.py
[2026-01-23T17:26:00.075+0000] {processor.py:840} INFO - DAG(s) 'btc_bronze_load' retrieved from /opt/airflow/dags/bronze_ingestion.py
[2026-01-23T17:26:00.118+0000] {logging_mixin.py:188} INFO - [2026-01-23T17:26:00.117+0000] {dag.py:3036} INFO - Sync 1 DAGs
[2026-01-23T17:26:00.144+0000] {logging_mixin.py:188} INFO - [2026-01-23T17:26:00.144+0000] {dag.py:3823} INFO - Setting next_dagrun for btc_bronze_load to 2026-01-23 17:10:00+00:00, run_after=2026-01-23 17:20:00+00:00
[2026-01-23T17:26:00.174+0000] {processor.py:183} INFO - Processing /opt/airflow/dags/bronze_ingestion.py took 0.648 seconds
[2026-01-23T17:26:30.906+0000] {processor.py:161} INFO - Started process (PID=1884) to work on /opt/airflow/dags/bronze_ingestion.py
[2026-01-23T17:26:30.908+0000] {processor.py:830} INFO - Processing file /opt/airflow/dags/bronze_ingestion.py for tasks to queue
[2026-01-23T17:26:30.909+0000] {logging_mixin.py:188} INFO - [2026-01-23T17:26:30.909+0000] {dagbag.py:538} INFO - Filling up the DagBag from /opt/airflow/dags/bronze_ingestion.py
[2026-01-23T17:26:31.447+0000] {processor.py:840} INFO - DAG(s) 'btc_bronze_load' retrieved from /opt/airflow/dags/bronze_ingestion.py
[2026-01-23T17:26:31.475+0000] {logging_mixin.py:188} INFO - [2026-01-23T17:26:31.475+0000] {dag.py:3036} INFO - Sync 1 DAGs
[2026-01-23T17:26:31.525+0000] {logging_mixin.py:188} INFO - [2026-01-23T17:26:31.525+0000] {dag.py:3823} INFO - Setting next_dagrun for btc_bronze_load to 2026-01-23 17:10:00+00:00, run_after=2026-01-23 17:20:00+00:00
[2026-01-23T17:26:31.556+0000] {processor.py:183} INFO - Processing /opt/airflow/dags/bronze_ingestion.py took 0.654 seconds
[2026-01-23T17:27:02.283+0000] {processor.py:161} INFO - Started process (PID=1907) to work on /opt/airflow/dags/bronze_ingestion.py
[2026-01-23T17:27:02.285+0000] {processor.py:830} INFO - Processing file /opt/airflow/dags/bronze_ingestion.py for tasks to queue
[2026-01-23T17:27:02.286+0000] {logging_mixin.py:188} INFO - [2026-01-23T17:27:02.285+0000] {dagbag.py:538} INFO - Filling up the DagBag from /opt/airflow/dags/bronze_ingestion.py
[2026-01-23T17:27:02.882+0000] {processor.py:840} INFO - DAG(s) 'btc_bronze_load' retrieved from /opt/airflow/dags/bronze_ingestion.py
[2026-01-23T17:27:02.945+0000] {logging_mixin.py:188} INFO - [2026-01-23T17:27:02.944+0000] {dag.py:3036} INFO - Sync 1 DAGs
[2026-01-23T17:27:02.989+0000] {logging_mixin.py:188} INFO - [2026-01-23T17:27:02.989+0000] {dag.py:3823} INFO - Setting next_dagrun for btc_bronze_load to 2026-01-23 17:10:00+00:00, run_after=2026-01-23 17:20:00+00:00
[2026-01-23T17:27:03.032+0000] {processor.py:183} INFO - Processing /opt/airflow/dags/bronze_ingestion.py took 0.753 seconds
[2026-01-23T17:27:33.758+0000] {processor.py:161} INFO - Started process (PID=1930) to work on /opt/airflow/dags/bronze_ingestion.py
[2026-01-23T17:27:33.760+0000] {processor.py:830} INFO - Processing file /opt/airflow/dags/bronze_ingestion.py for tasks to queue
[2026-01-23T17:27:33.762+0000] {logging_mixin.py:188} INFO - [2026-01-23T17:27:33.761+0000] {dagbag.py:538} INFO - Filling up the DagBag from /opt/airflow/dags/bronze_ingestion.py
[2026-01-23T17:27:34.320+0000] {processor.py:840} INFO - DAG(s) 'btc_bronze_load' retrieved from /opt/airflow/dags/bronze_ingestion.py
[2026-01-23T17:27:34.351+0000] {logging_mixin.py:188} INFO - [2026-01-23T17:27:34.350+0000] {dag.py:3036} INFO - Sync 1 DAGs
[2026-01-23T17:27:34.382+0000] {logging_mixin.py:188} INFO - [2026-01-23T17:27:34.381+0000] {dag.py:3823} INFO - Setting next_dagrun for btc_bronze_load to 2026-01-23 17:10:00+00:00, run_after=2026-01-23 17:20:00+00:00
[2026-01-23T17:27:34.406+0000] {processor.py:183} INFO - Processing /opt/airflow/dags/bronze_ingestion.py took 0.651 seconds
[2026-01-23T17:28:05.280+0000] {processor.py:161} INFO - Started process (PID=1953) to work on /opt/airflow/dags/bronze_ingestion.py
[2026-01-23T17:28:05.281+0000] {processor.py:830} INFO - Processing file /opt/airflow/dags/bronze_ingestion.py for tasks to queue
[2026-01-23T17:28:05.283+0000] {logging_mixin.py:188} INFO - [2026-01-23T17:28:05.282+0000] {dagbag.py:538} INFO - Filling up the DagBag from /opt/airflow/dags/bronze_ingestion.py
[2026-01-23T17:28:06.003+0000] {processor.py:840} INFO - DAG(s) 'btc_bronze_load' retrieved from /opt/airflow/dags/bronze_ingestion.py
[2026-01-23T17:28:06.043+0000] {logging_mixin.py:188} INFO - [2026-01-23T17:28:06.042+0000] {dag.py:3036} INFO - Sync 1 DAGs
[2026-01-23T17:28:06.088+0000] {logging_mixin.py:188} INFO - [2026-01-23T17:28:06.087+0000] {dag.py:3823} INFO - Setting next_dagrun for btc_bronze_load to 2026-01-23 17:10:00+00:00, run_after=2026-01-23 17:20:00+00:00
[2026-01-23T17:28:06.121+0000] {processor.py:183} INFO - Processing /opt/airflow/dags/bronze_ingestion.py took 0.845 seconds
