[2026-01-23T16:49:30.358+0000] {processor.py:161} INFO - Started process (PID=219) to work on /opt/airflow/dags/gold_processing.py
[2026-01-23T16:49:30.360+0000] {processor.py:830} INFO - Processing file /opt/airflow/dags/gold_processing.py for tasks to queue
[2026-01-23T16:49:30.362+0000] {logging_mixin.py:188} INFO - [2026-01-23T16:49:30.361+0000] {dagbag.py:538} INFO - Filling up the DagBag from /opt/airflow/dags/gold_processing.py
[2026-01-23T16:49:30.380+0000] {logging_mixin.py:188} INFO - [2026-01-23T16:49:30.378+0000] {dagbag.py:348} ERROR - Failed to import: /opt/airflow/dags/gold_processing.py
Traceback (most recent call last):
  File "/home/airflow/.local/lib/python3.8/site-packages/airflow/models/dagbag.py", line 344, in parse
    loader.exec_module(new_module)
  File "<frozen importlib._bootstrap_external>", line 843, in exec_module
  File "<frozen importlib._bootstrap>", line 219, in _call_with_frames_removed
  File "/opt/airflow/dags/gold_processing.py", line 1, in <module>
    from airflow import dag
ImportError: cannot import name 'dag' from 'airflow' (/home/airflow/.local/lib/python3.8/site-packages/airflow/__init__.py)
[2026-01-23T16:49:30.381+0000] {processor.py:842} WARNING - No viable dags retrieved from /opt/airflow/dags/gold_processing.py
[2026-01-23T16:49:30.427+0000] {processor.py:183} INFO - Processing /opt/airflow/dags/gold_processing.py took 0.073 seconds
[2026-01-23T16:50:01.069+0000] {processor.py:161} INFO - Started process (PID=232) to work on /opt/airflow/dags/gold_processing.py
[2026-01-23T16:50:01.072+0000] {processor.py:830} INFO - Processing file /opt/airflow/dags/gold_processing.py for tasks to queue
[2026-01-23T16:50:01.074+0000] {logging_mixin.py:188} INFO - [2026-01-23T16:50:01.073+0000] {dagbag.py:538} INFO - Filling up the DagBag from /opt/airflow/dags/gold_processing.py
[2026-01-23T16:50:01.089+0000] {logging_mixin.py:188} INFO - [2026-01-23T16:50:01.087+0000] {dagbag.py:348} ERROR - Failed to import: /opt/airflow/dags/gold_processing.py
Traceback (most recent call last):
  File "/home/airflow/.local/lib/python3.8/site-packages/airflow/models/dagbag.py", line 344, in parse
    loader.exec_module(new_module)
  File "<frozen importlib._bootstrap_external>", line 843, in exec_module
  File "<frozen importlib._bootstrap>", line 219, in _call_with_frames_removed
  File "/opt/airflow/dags/gold_processing.py", line 1, in <module>
    from airflow import dag
ImportError: cannot import name 'dag' from 'airflow' (/home/airflow/.local/lib/python3.8/site-packages/airflow/__init__.py)
[2026-01-23T16:50:01.091+0000] {processor.py:842} WARNING - No viable dags retrieved from /opt/airflow/dags/gold_processing.py
[2026-01-23T16:50:01.157+0000] {processor.py:183} INFO - Processing /opt/airflow/dags/gold_processing.py took 0.093 seconds
[2026-01-23T16:50:31.489+0000] {processor.py:161} INFO - Started process (PID=248) to work on /opt/airflow/dags/gold_processing.py
[2026-01-23T16:50:31.492+0000] {processor.py:830} INFO - Processing file /opt/airflow/dags/gold_processing.py for tasks to queue
[2026-01-23T16:50:31.494+0000] {logging_mixin.py:188} INFO - [2026-01-23T16:50:31.493+0000] {dagbag.py:538} INFO - Filling up the DagBag from /opt/airflow/dags/gold_processing.py
[2026-01-23T16:50:31.505+0000] {logging_mixin.py:188} INFO - [2026-01-23T16:50:31.502+0000] {dagbag.py:348} ERROR - Failed to import: /opt/airflow/dags/gold_processing.py
Traceback (most recent call last):
  File "/home/airflow/.local/lib/python3.8/site-packages/airflow/models/dagbag.py", line 344, in parse
    loader.exec_module(new_module)
  File "<frozen importlib._bootstrap_external>", line 843, in exec_module
  File "<frozen importlib._bootstrap>", line 219, in _call_with_frames_removed
  File "/opt/airflow/dags/gold_processing.py", line 1, in <module>
    from airflow import dag
ImportError: cannot import name 'dag' from 'airflow' (/home/airflow/.local/lib/python3.8/site-packages/airflow/__init__.py)
[2026-01-23T16:50:31.506+0000] {processor.py:842} WARNING - No viable dags retrieved from /opt/airflow/dags/gold_processing.py
[2026-01-23T16:50:31.580+0000] {processor.py:183} INFO - Processing /opt/airflow/dags/gold_processing.py took 0.098 seconds
[2026-01-23T16:51:02.038+0000] {processor.py:161} INFO - Started process (PID=269) to work on /opt/airflow/dags/gold_processing.py
[2026-01-23T16:51:02.039+0000] {processor.py:830} INFO - Processing file /opt/airflow/dags/gold_processing.py for tasks to queue
[2026-01-23T16:51:02.040+0000] {logging_mixin.py:188} INFO - [2026-01-23T16:51:02.040+0000] {dagbag.py:538} INFO - Filling up the DagBag from /opt/airflow/dags/gold_processing.py
[2026-01-23T16:51:02.047+0000] {logging_mixin.py:188} INFO - [2026-01-23T16:51:02.045+0000] {dagbag.py:348} ERROR - Failed to import: /opt/airflow/dags/gold_processing.py
Traceback (most recent call last):
  File "/home/airflow/.local/lib/python3.8/site-packages/airflow/models/dagbag.py", line 344, in parse
    loader.exec_module(new_module)
  File "<frozen importlib._bootstrap_external>", line 843, in exec_module
  File "<frozen importlib._bootstrap>", line 219, in _call_with_frames_removed
  File "/opt/airflow/dags/gold_processing.py", line 1, in <module>
    from airflow import dag
ImportError: cannot import name 'dag' from 'airflow' (/home/airflow/.local/lib/python3.8/site-packages/airflow/__init__.py)
[2026-01-23T16:51:02.047+0000] {processor.py:842} WARNING - No viable dags retrieved from /opt/airflow/dags/gold_processing.py
[2026-01-23T16:51:02.079+0000] {processor.py:183} INFO - Processing /opt/airflow/dags/gold_processing.py took 0.046 seconds
[2026-01-23T16:51:32.199+0000] {processor.py:161} INFO - Started process (PID=305) to work on /opt/airflow/dags/gold_processing.py
[2026-01-23T16:51:32.200+0000] {processor.py:830} INFO - Processing file /opt/airflow/dags/gold_processing.py for tasks to queue
[2026-01-23T16:51:32.202+0000] {logging_mixin.py:188} INFO - [2026-01-23T16:51:32.201+0000] {dagbag.py:538} INFO - Filling up the DagBag from /opt/airflow/dags/gold_processing.py
[2026-01-23T16:51:32.210+0000] {logging_mixin.py:188} INFO - [2026-01-23T16:51:32.208+0000] {dagbag.py:348} ERROR - Failed to import: /opt/airflow/dags/gold_processing.py
Traceback (most recent call last):
  File "/home/airflow/.local/lib/python3.8/site-packages/airflow/models/dagbag.py", line 344, in parse
    loader.exec_module(new_module)
  File "<frozen importlib._bootstrap_external>", line 843, in exec_module
  File "<frozen importlib._bootstrap>", line 219, in _call_with_frames_removed
  File "/opt/airflow/dags/gold_processing.py", line 1, in <module>
    from airflow import dag
ImportError: cannot import name 'dag' from 'airflow' (/home/airflow/.local/lib/python3.8/site-packages/airflow/__init__.py)
[2026-01-23T16:51:32.211+0000] {processor.py:842} WARNING - No viable dags retrieved from /opt/airflow/dags/gold_processing.py
[2026-01-23T16:51:32.250+0000] {processor.py:183} INFO - Processing /opt/airflow/dags/gold_processing.py took 0.056 seconds
[2026-01-23T16:52:02.996+0000] {processor.py:161} INFO - Started process (PID=335) to work on /opt/airflow/dags/gold_processing.py
[2026-01-23T16:52:02.998+0000] {processor.py:830} INFO - Processing file /opt/airflow/dags/gold_processing.py for tasks to queue
[2026-01-23T16:52:02.999+0000] {logging_mixin.py:188} INFO - [2026-01-23T16:52:02.999+0000] {dagbag.py:538} INFO - Filling up the DagBag from /opt/airflow/dags/gold_processing.py
[2026-01-23T16:52:03.020+0000] {logging_mixin.py:188} INFO - [2026-01-23T16:52:03.014+0000] {dagbag.py:348} ERROR - Failed to import: /opt/airflow/dags/gold_processing.py
Traceback (most recent call last):
  File "/home/airflow/.local/lib/python3.8/site-packages/airflow/models/dagbag.py", line 344, in parse
    loader.exec_module(new_module)
  File "<frozen importlib._bootstrap_external>", line 843, in exec_module
  File "<frozen importlib._bootstrap>", line 219, in _call_with_frames_removed
  File "/opt/airflow/dags/gold_processing.py", line 1, in <module>
    from airflow import dag
ImportError: cannot import name 'dag' from 'airflow' (/home/airflow/.local/lib/python3.8/site-packages/airflow/__init__.py)
[2026-01-23T16:52:03.021+0000] {processor.py:842} WARNING - No viable dags retrieved from /opt/airflow/dags/gold_processing.py
[2026-01-23T16:52:03.088+0000] {processor.py:183} INFO - Processing /opt/airflow/dags/gold_processing.py took 0.100 seconds
[2026-01-23T16:52:33.301+0000] {processor.py:161} INFO - Started process (PID=371) to work on /opt/airflow/dags/gold_processing.py
[2026-01-23T16:52:33.303+0000] {processor.py:830} INFO - Processing file /opt/airflow/dags/gold_processing.py for tasks to queue
[2026-01-23T16:52:33.305+0000] {logging_mixin.py:188} INFO - [2026-01-23T16:52:33.305+0000] {dagbag.py:538} INFO - Filling up the DagBag from /opt/airflow/dags/gold_processing.py
[2026-01-23T16:52:33.316+0000] {logging_mixin.py:188} INFO - [2026-01-23T16:52:33.312+0000] {dagbag.py:348} ERROR - Failed to import: /opt/airflow/dags/gold_processing.py
Traceback (most recent call last):
  File "/home/airflow/.local/lib/python3.8/site-packages/airflow/models/dagbag.py", line 344, in parse
    loader.exec_module(new_module)
  File "<frozen importlib._bootstrap_external>", line 843, in exec_module
  File "<frozen importlib._bootstrap>", line 219, in _call_with_frames_removed
  File "/opt/airflow/dags/gold_processing.py", line 1, in <module>
    from airflow import dag
ImportError: cannot import name 'dag' from 'airflow' (/home/airflow/.local/lib/python3.8/site-packages/airflow/__init__.py)
[2026-01-23T16:52:33.316+0000] {processor.py:842} WARNING - No viable dags retrieved from /opt/airflow/dags/gold_processing.py
[2026-01-23T16:52:33.368+0000] {processor.py:183} INFO - Processing /opt/airflow/dags/gold_processing.py took 0.072 seconds
[2026-01-23T16:53:03.714+0000] {processor.py:161} INFO - Started process (PID=422) to work on /opt/airflow/dags/gold_processing.py
[2026-01-23T16:53:03.716+0000] {processor.py:830} INFO - Processing file /opt/airflow/dags/gold_processing.py for tasks to queue
[2026-01-23T16:53:03.717+0000] {logging_mixin.py:188} INFO - [2026-01-23T16:53:03.716+0000] {dagbag.py:538} INFO - Filling up the DagBag from /opt/airflow/dags/gold_processing.py
[2026-01-23T16:53:03.727+0000] {logging_mixin.py:188} INFO - [2026-01-23T16:53:03.725+0000] {dagbag.py:348} ERROR - Failed to import: /opt/airflow/dags/gold_processing.py
Traceback (most recent call last):
  File "/home/airflow/.local/lib/python3.8/site-packages/airflow/models/dagbag.py", line 344, in parse
    loader.exec_module(new_module)
  File "<frozen importlib._bootstrap_external>", line 843, in exec_module
  File "<frozen importlib._bootstrap>", line 219, in _call_with_frames_removed
  File "/opt/airflow/dags/gold_processing.py", line 1, in <module>
    from airflow import dag
ImportError: cannot import name 'dag' from 'airflow' (/home/airflow/.local/lib/python3.8/site-packages/airflow/__init__.py)
[2026-01-23T16:53:03.728+0000] {processor.py:842} WARNING - No viable dags retrieved from /opt/airflow/dags/gold_processing.py
[2026-01-23T16:53:03.778+0000] {processor.py:183} INFO - Processing /opt/airflow/dags/gold_processing.py took 0.069 seconds
[2026-01-23T16:53:33.926+0000] {processor.py:161} INFO - Started process (PID=438) to work on /opt/airflow/dags/gold_processing.py
[2026-01-23T16:53:33.927+0000] {processor.py:830} INFO - Processing file /opt/airflow/dags/gold_processing.py for tasks to queue
[2026-01-23T16:53:33.929+0000] {logging_mixin.py:188} INFO - [2026-01-23T16:53:33.928+0000] {dagbag.py:538} INFO - Filling up the DagBag from /opt/airflow/dags/gold_processing.py
[2026-01-23T16:53:33.935+0000] {logging_mixin.py:188} INFO - [2026-01-23T16:53:33.934+0000] {dagbag.py:348} ERROR - Failed to import: /opt/airflow/dags/gold_processing.py
Traceback (most recent call last):
  File "/home/airflow/.local/lib/python3.8/site-packages/airflow/models/dagbag.py", line 344, in parse
    loader.exec_module(new_module)
  File "<frozen importlib._bootstrap_external>", line 843, in exec_module
  File "<frozen importlib._bootstrap>", line 219, in _call_with_frames_removed
  File "/opt/airflow/dags/gold_processing.py", line 1, in <module>
    from airflow import dag
ImportError: cannot import name 'dag' from 'airflow' (/home/airflow/.local/lib/python3.8/site-packages/airflow/__init__.py)
[2026-01-23T16:53:33.936+0000] {processor.py:842} WARNING - No viable dags retrieved from /opt/airflow/dags/gold_processing.py
[2026-01-23T16:53:33.981+0000] {processor.py:183} INFO - Processing /opt/airflow/dags/gold_processing.py took 0.060 seconds
[2026-01-23T16:54:04.265+0000] {processor.py:161} INFO - Started process (PID=454) to work on /opt/airflow/dags/gold_processing.py
[2026-01-23T16:54:04.270+0000] {processor.py:830} INFO - Processing file /opt/airflow/dags/gold_processing.py for tasks to queue
[2026-01-23T16:54:04.273+0000] {logging_mixin.py:188} INFO - [2026-01-23T16:54:04.272+0000] {dagbag.py:538} INFO - Filling up the DagBag from /opt/airflow/dags/gold_processing.py
[2026-01-23T16:54:04.289+0000] {logging_mixin.py:188} INFO - [2026-01-23T16:54:04.286+0000] {dagbag.py:348} ERROR - Failed to import: /opt/airflow/dags/gold_processing.py
Traceback (most recent call last):
  File "/home/airflow/.local/lib/python3.8/site-packages/airflow/models/dagbag.py", line 344, in parse
    loader.exec_module(new_module)
  File "<frozen importlib._bootstrap_external>", line 843, in exec_module
  File "<frozen importlib._bootstrap>", line 219, in _call_with_frames_removed
  File "/opt/airflow/dags/gold_processing.py", line 1, in <module>
    from airflow import dag
ImportError: cannot import name 'dag' from 'airflow' (/home/airflow/.local/lib/python3.8/site-packages/airflow/__init__.py)
[2026-01-23T16:54:04.291+0000] {processor.py:842} WARNING - No viable dags retrieved from /opt/airflow/dags/gold_processing.py
[2026-01-23T16:54:04.363+0000] {processor.py:183} INFO - Processing /opt/airflow/dags/gold_processing.py took 0.106 seconds
[2026-01-23T16:54:34.656+0000] {processor.py:161} INFO - Started process (PID=470) to work on /opt/airflow/dags/gold_processing.py
[2026-01-23T16:54:34.658+0000] {processor.py:830} INFO - Processing file /opt/airflow/dags/gold_processing.py for tasks to queue
[2026-01-23T16:54:34.660+0000] {logging_mixin.py:188} INFO - [2026-01-23T16:54:34.659+0000] {dagbag.py:538} INFO - Filling up the DagBag from /opt/airflow/dags/gold_processing.py
[2026-01-23T16:54:34.668+0000] {logging_mixin.py:188} INFO - [2026-01-23T16:54:34.666+0000] {dagbag.py:348} ERROR - Failed to import: /opt/airflow/dags/gold_processing.py
Traceback (most recent call last):
  File "/home/airflow/.local/lib/python3.8/site-packages/airflow/models/dagbag.py", line 344, in parse
    loader.exec_module(new_module)
  File "<frozen importlib._bootstrap_external>", line 843, in exec_module
  File "<frozen importlib._bootstrap>", line 219, in _call_with_frames_removed
  File "/opt/airflow/dags/gold_processing.py", line 1, in <module>
    from airflow import dag
ImportError: cannot import name 'dag' from 'airflow' (/home/airflow/.local/lib/python3.8/site-packages/airflow/__init__.py)
[2026-01-23T16:54:34.669+0000] {processor.py:842} WARNING - No viable dags retrieved from /opt/airflow/dags/gold_processing.py
[2026-01-23T16:54:34.732+0000] {processor.py:183} INFO - Processing /opt/airflow/dags/gold_processing.py took 0.082 seconds
[2026-01-23T16:55:04.974+0000] {processor.py:161} INFO - Started process (PID=504) to work on /opt/airflow/dags/gold_processing.py
[2026-01-23T16:55:04.976+0000] {processor.py:830} INFO - Processing file /opt/airflow/dags/gold_processing.py for tasks to queue
[2026-01-23T16:55:04.978+0000] {logging_mixin.py:188} INFO - [2026-01-23T16:55:04.978+0000] {dagbag.py:538} INFO - Filling up the DagBag from /opt/airflow/dags/gold_processing.py
[2026-01-23T16:55:04.988+0000] {logging_mixin.py:188} INFO - [2026-01-23T16:55:04.985+0000] {dagbag.py:348} ERROR - Failed to import: /opt/airflow/dags/gold_processing.py
Traceback (most recent call last):
  File "/home/airflow/.local/lib/python3.8/site-packages/airflow/models/dagbag.py", line 344, in parse
    loader.exec_module(new_module)
  File "<frozen importlib._bootstrap_external>", line 843, in exec_module
  File "<frozen importlib._bootstrap>", line 219, in _call_with_frames_removed
  File "/opt/airflow/dags/gold_processing.py", line 1, in <module>
    from airflow import dag
ImportError: cannot import name 'dag' from 'airflow' (/home/airflow/.local/lib/python3.8/site-packages/airflow/__init__.py)
[2026-01-23T16:55:04.989+0000] {processor.py:842} WARNING - No viable dags retrieved from /opt/airflow/dags/gold_processing.py
[2026-01-23T16:55:05.040+0000] {processor.py:183} INFO - Processing /opt/airflow/dags/gold_processing.py took 0.074 seconds
[2026-01-23T16:55:35.550+0000] {processor.py:161} INFO - Started process (PID=544) to work on /opt/airflow/dags/gold_processing.py
[2026-01-23T16:55:35.552+0000] {processor.py:830} INFO - Processing file /opt/airflow/dags/gold_processing.py for tasks to queue
[2026-01-23T16:55:35.555+0000] {logging_mixin.py:188} INFO - [2026-01-23T16:55:35.554+0000] {dagbag.py:538} INFO - Filling up the DagBag from /opt/airflow/dags/gold_processing.py
[2026-01-23T16:55:35.568+0000] {logging_mixin.py:188} INFO - [2026-01-23T16:55:35.566+0000] {dagbag.py:348} ERROR - Failed to import: /opt/airflow/dags/gold_processing.py
Traceback (most recent call last):
  File "/home/airflow/.local/lib/python3.8/site-packages/airflow/models/dagbag.py", line 344, in parse
    loader.exec_module(new_module)
  File "<frozen importlib._bootstrap_external>", line 843, in exec_module
  File "<frozen importlib._bootstrap>", line 219, in _call_with_frames_removed
  File "/opt/airflow/dags/gold_processing.py", line 1, in <module>
    from airflow import dag
ImportError: cannot import name 'dag' from 'airflow' (/home/airflow/.local/lib/python3.8/site-packages/airflow/__init__.py)
[2026-01-23T16:55:35.569+0000] {processor.py:842} WARNING - No viable dags retrieved from /opt/airflow/dags/gold_processing.py
[2026-01-23T16:55:35.606+0000] {processor.py:183} INFO - Processing /opt/airflow/dags/gold_processing.py took 0.060 seconds
[2026-01-23T16:56:05.872+0000] {processor.py:161} INFO - Started process (PID=560) to work on /opt/airflow/dags/gold_processing.py
[2026-01-23T16:56:05.873+0000] {processor.py:830} INFO - Processing file /opt/airflow/dags/gold_processing.py for tasks to queue
[2026-01-23T16:56:05.875+0000] {logging_mixin.py:188} INFO - [2026-01-23T16:56:05.874+0000] {dagbag.py:538} INFO - Filling up the DagBag from /opt/airflow/dags/gold_processing.py
[2026-01-23T16:56:05.882+0000] {logging_mixin.py:188} INFO - [2026-01-23T16:56:05.880+0000] {dagbag.py:348} ERROR - Failed to import: /opt/airflow/dags/gold_processing.py
Traceback (most recent call last):
  File "/home/airflow/.local/lib/python3.8/site-packages/airflow/models/dagbag.py", line 344, in parse
    loader.exec_module(new_module)
  File "<frozen importlib._bootstrap_external>", line 843, in exec_module
  File "<frozen importlib._bootstrap>", line 219, in _call_with_frames_removed
  File "/opt/airflow/dags/gold_processing.py", line 1, in <module>
    from airflow import dag
ImportError: cannot import name 'dag' from 'airflow' (/home/airflow/.local/lib/python3.8/site-packages/airflow/__init__.py)
[2026-01-23T16:56:05.883+0000] {processor.py:842} WARNING - No viable dags retrieved from /opt/airflow/dags/gold_processing.py
[2026-01-23T16:56:05.935+0000] {processor.py:183} INFO - Processing /opt/airflow/dags/gold_processing.py took 0.069 seconds
[2026-01-23T16:56:36.243+0000] {processor.py:161} INFO - Started process (PID=576) to work on /opt/airflow/dags/gold_processing.py
[2026-01-23T16:56:36.244+0000] {processor.py:830} INFO - Processing file /opt/airflow/dags/gold_processing.py for tasks to queue
[2026-01-23T16:56:36.246+0000] {logging_mixin.py:188} INFO - [2026-01-23T16:56:36.245+0000] {dagbag.py:538} INFO - Filling up the DagBag from /opt/airflow/dags/gold_processing.py
[2026-01-23T16:56:36.253+0000] {logging_mixin.py:188} INFO - [2026-01-23T16:56:36.251+0000] {dagbag.py:348} ERROR - Failed to import: /opt/airflow/dags/gold_processing.py
Traceback (most recent call last):
  File "/home/airflow/.local/lib/python3.8/site-packages/airflow/models/dagbag.py", line 344, in parse
    loader.exec_module(new_module)
  File "<frozen importlib._bootstrap_external>", line 843, in exec_module
  File "<frozen importlib._bootstrap>", line 219, in _call_with_frames_removed
  File "/opt/airflow/dags/gold_processing.py", line 1, in <module>
    from airflow import dag
ImportError: cannot import name 'dag' from 'airflow' (/home/airflow/.local/lib/python3.8/site-packages/airflow/__init__.py)
[2026-01-23T16:56:36.254+0000] {processor.py:842} WARNING - No viable dags retrieved from /opt/airflow/dags/gold_processing.py
[2026-01-23T16:56:36.288+0000] {processor.py:183} INFO - Processing /opt/airflow/dags/gold_processing.py took 0.050 seconds
[2026-01-23T16:57:06.571+0000] {processor.py:161} INFO - Started process (PID=592) to work on /opt/airflow/dags/gold_processing.py
[2026-01-23T16:57:06.573+0000] {processor.py:830} INFO - Processing file /opt/airflow/dags/gold_processing.py for tasks to queue
[2026-01-23T16:57:06.575+0000] {logging_mixin.py:188} INFO - [2026-01-23T16:57:06.574+0000] {dagbag.py:538} INFO - Filling up the DagBag from /opt/airflow/dags/gold_processing.py
[2026-01-23T16:57:06.582+0000] {logging_mixin.py:188} INFO - [2026-01-23T16:57:06.580+0000] {dagbag.py:348} ERROR - Failed to import: /opt/airflow/dags/gold_processing.py
Traceback (most recent call last):
  File "/home/airflow/.local/lib/python3.8/site-packages/airflow/models/dagbag.py", line 344, in parse
    loader.exec_module(new_module)
  File "<frozen importlib._bootstrap_external>", line 843, in exec_module
  File "<frozen importlib._bootstrap>", line 219, in _call_with_frames_removed
  File "/opt/airflow/dags/gold_processing.py", line 1, in <module>
    from airflow import dag
ImportError: cannot import name 'dag' from 'airflow' (/home/airflow/.local/lib/python3.8/site-packages/airflow/__init__.py)
[2026-01-23T16:57:06.582+0000] {processor.py:842} WARNING - No viable dags retrieved from /opt/airflow/dags/gold_processing.py
[2026-01-23T16:57:06.620+0000] {processor.py:183} INFO - Processing /opt/airflow/dags/gold_processing.py took 0.055 seconds
[2026-01-23T16:57:36.970+0000] {processor.py:161} INFO - Started process (PID=608) to work on /opt/airflow/dags/gold_processing.py
[2026-01-23T16:57:36.972+0000] {processor.py:830} INFO - Processing file /opt/airflow/dags/gold_processing.py for tasks to queue
[2026-01-23T16:57:36.973+0000] {logging_mixin.py:188} INFO - [2026-01-23T16:57:36.972+0000] {dagbag.py:538} INFO - Filling up the DagBag from /opt/airflow/dags/gold_processing.py
[2026-01-23T16:57:36.982+0000] {logging_mixin.py:188} INFO - [2026-01-23T16:57:36.979+0000] {dagbag.py:348} ERROR - Failed to import: /opt/airflow/dags/gold_processing.py
Traceback (most recent call last):
  File "/home/airflow/.local/lib/python3.8/site-packages/airflow/models/dagbag.py", line 344, in parse
    loader.exec_module(new_module)
  File "<frozen importlib._bootstrap_external>", line 843, in exec_module
  File "<frozen importlib._bootstrap>", line 219, in _call_with_frames_removed
  File "/opt/airflow/dags/gold_processing.py", line 1, in <module>
    from airflow import dag
ImportError: cannot import name 'dag' from 'airflow' (/home/airflow/.local/lib/python3.8/site-packages/airflow/__init__.py)
[2026-01-23T16:57:36.983+0000] {processor.py:842} WARNING - No viable dags retrieved from /opt/airflow/dags/gold_processing.py
[2026-01-23T16:57:37.017+0000] {processor.py:183} INFO - Processing /opt/airflow/dags/gold_processing.py took 0.052 seconds
[2026-01-23T16:58:07.257+0000] {processor.py:161} INFO - Started process (PID=630) to work on /opt/airflow/dags/gold_processing.py
[2026-01-23T16:58:07.259+0000] {processor.py:830} INFO - Processing file /opt/airflow/dags/gold_processing.py for tasks to queue
[2026-01-23T16:58:07.260+0000] {logging_mixin.py:188} INFO - [2026-01-23T16:58:07.259+0000] {dagbag.py:538} INFO - Filling up the DagBag from /opt/airflow/dags/gold_processing.py
[2026-01-23T16:58:07.266+0000] {logging_mixin.py:188} INFO - [2026-01-23T16:58:07.265+0000] {dagbag.py:348} ERROR - Failed to import: /opt/airflow/dags/gold_processing.py
Traceback (most recent call last):
  File "/home/airflow/.local/lib/python3.8/site-packages/airflow/models/dagbag.py", line 344, in parse
    loader.exec_module(new_module)
  File "<frozen importlib._bootstrap_external>", line 843, in exec_module
  File "<frozen importlib._bootstrap>", line 219, in _call_with_frames_removed
  File "/opt/airflow/dags/gold_processing.py", line 1, in <module>
    from airflow import dag
ImportError: cannot import name 'dag' from 'airflow' (/home/airflow/.local/lib/python3.8/site-packages/airflow/__init__.py)
[2026-01-23T16:58:07.267+0000] {processor.py:842} WARNING - No viable dags retrieved from /opt/airflow/dags/gold_processing.py
[2026-01-23T16:58:07.301+0000] {processor.py:183} INFO - Processing /opt/airflow/dags/gold_processing.py took 0.048 seconds
[2026-01-23T16:58:37.524+0000] {processor.py:161} INFO - Started process (PID=646) to work on /opt/airflow/dags/gold_processing.py
[2026-01-23T16:58:37.525+0000] {processor.py:830} INFO - Processing file /opt/airflow/dags/gold_processing.py for tasks to queue
[2026-01-23T16:58:37.527+0000] {logging_mixin.py:188} INFO - [2026-01-23T16:58:37.526+0000] {dagbag.py:538} INFO - Filling up the DagBag from /opt/airflow/dags/gold_processing.py
[2026-01-23T16:58:37.533+0000] {logging_mixin.py:188} INFO - [2026-01-23T16:58:37.532+0000] {dagbag.py:348} ERROR - Failed to import: /opt/airflow/dags/gold_processing.py
Traceback (most recent call last):
  File "/home/airflow/.local/lib/python3.8/site-packages/airflow/models/dagbag.py", line 344, in parse
    loader.exec_module(new_module)
  File "<frozen importlib._bootstrap_external>", line 843, in exec_module
  File "<frozen importlib._bootstrap>", line 219, in _call_with_frames_removed
  File "/opt/airflow/dags/gold_processing.py", line 1, in <module>
    from airflow import dag
ImportError: cannot import name 'dag' from 'airflow' (/home/airflow/.local/lib/python3.8/site-packages/airflow/__init__.py)
[2026-01-23T16:58:37.534+0000] {processor.py:842} WARNING - No viable dags retrieved from /opt/airflow/dags/gold_processing.py
[2026-01-23T16:58:37.574+0000] {processor.py:183} INFO - Processing /opt/airflow/dags/gold_processing.py took 0.054 seconds
[2026-01-23T16:59:08.361+0000] {processor.py:161} INFO - Started process (PID=674) to work on /opt/airflow/dags/gold_processing.py
[2026-01-23T16:59:08.363+0000] {processor.py:830} INFO - Processing file /opt/airflow/dags/gold_processing.py for tasks to queue
[2026-01-23T16:59:08.364+0000] {logging_mixin.py:188} INFO - [2026-01-23T16:59:08.364+0000] {dagbag.py:538} INFO - Filling up the DagBag from /opt/airflow/dags/gold_processing.py
[2026-01-23T16:59:08.372+0000] {logging_mixin.py:188} INFO - [2026-01-23T16:59:08.369+0000] {dagbag.py:348} ERROR - Failed to import: /opt/airflow/dags/gold_processing.py
Traceback (most recent call last):
  File "/home/airflow/.local/lib/python3.8/site-packages/airflow/models/dagbag.py", line 344, in parse
    loader.exec_module(new_module)
  File "<frozen importlib._bootstrap_external>", line 843, in exec_module
  File "<frozen importlib._bootstrap>", line 219, in _call_with_frames_removed
  File "/opt/airflow/dags/gold_processing.py", line 1, in <module>
    from airflow import dag
ImportError: cannot import name 'dag' from 'airflow' (/home/airflow/.local/lib/python3.8/site-packages/airflow/__init__.py)
[2026-01-23T16:59:08.372+0000] {processor.py:842} WARNING - No viable dags retrieved from /opt/airflow/dags/gold_processing.py
[2026-01-23T16:59:08.415+0000] {processor.py:183} INFO - Processing /opt/airflow/dags/gold_processing.py took 0.059 seconds
[2026-01-23T16:59:38.695+0000] {processor.py:161} INFO - Started process (PID=701) to work on /opt/airflow/dags/gold_processing.py
[2026-01-23T16:59:38.697+0000] {processor.py:830} INFO - Processing file /opt/airflow/dags/gold_processing.py for tasks to queue
[2026-01-23T16:59:38.698+0000] {logging_mixin.py:188} INFO - [2026-01-23T16:59:38.698+0000] {dagbag.py:538} INFO - Filling up the DagBag from /opt/airflow/dags/gold_processing.py
[2026-01-23T16:59:38.706+0000] {logging_mixin.py:188} INFO - [2026-01-23T16:59:38.704+0000] {dagbag.py:348} ERROR - Failed to import: /opt/airflow/dags/gold_processing.py
Traceback (most recent call last):
  File "/home/airflow/.local/lib/python3.8/site-packages/airflow/models/dagbag.py", line 344, in parse
    loader.exec_module(new_module)
  File "<frozen importlib._bootstrap_external>", line 843, in exec_module
  File "<frozen importlib._bootstrap>", line 219, in _call_with_frames_removed
  File "/opt/airflow/dags/gold_processing.py", line 1, in <module>
    from airflow import dag
ImportError: cannot import name 'dag' from 'airflow' (/home/airflow/.local/lib/python3.8/site-packages/airflow/__init__.py)
[2026-01-23T16:59:38.707+0000] {processor.py:842} WARNING - No viable dags retrieved from /opt/airflow/dags/gold_processing.py
[2026-01-23T16:59:38.754+0000] {processor.py:183} INFO - Processing /opt/airflow/dags/gold_processing.py took 0.065 seconds
[2026-01-23T17:00:08.808+0000] {processor.py:161} INFO - Started process (PID=717) to work on /opt/airflow/dags/gold_processing.py
[2026-01-23T17:00:08.809+0000] {processor.py:830} INFO - Processing file /opt/airflow/dags/gold_processing.py for tasks to queue
[2026-01-23T17:00:08.810+0000] {logging_mixin.py:188} INFO - [2026-01-23T17:00:08.810+0000] {dagbag.py:538} INFO - Filling up the DagBag from /opt/airflow/dags/gold_processing.py
[2026-01-23T17:00:08.817+0000] {logging_mixin.py:188} INFO - [2026-01-23T17:00:08.816+0000] {dagbag.py:348} ERROR - Failed to import: /opt/airflow/dags/gold_processing.py
Traceback (most recent call last):
  File "/home/airflow/.local/lib/python3.8/site-packages/airflow/models/dagbag.py", line 344, in parse
    loader.exec_module(new_module)
  File "<frozen importlib._bootstrap_external>", line 843, in exec_module
  File "<frozen importlib._bootstrap>", line 219, in _call_with_frames_removed
  File "/opt/airflow/dags/gold_processing.py", line 1, in <module>
    from airflow import dag
ImportError: cannot import name 'dag' from 'airflow' (/home/airflow/.local/lib/python3.8/site-packages/airflow/__init__.py)
[2026-01-23T17:00:08.818+0000] {processor.py:842} WARNING - No viable dags retrieved from /opt/airflow/dags/gold_processing.py
[2026-01-23T17:00:08.851+0000] {processor.py:183} INFO - Processing /opt/airflow/dags/gold_processing.py took 0.047 seconds
[2026-01-23T17:00:38.944+0000] {processor.py:161} INFO - Started process (PID=733) to work on /opt/airflow/dags/gold_processing.py
[2026-01-23T17:00:38.946+0000] {processor.py:830} INFO - Processing file /opt/airflow/dags/gold_processing.py for tasks to queue
[2026-01-23T17:00:38.948+0000] {logging_mixin.py:188} INFO - [2026-01-23T17:00:38.947+0000] {dagbag.py:538} INFO - Filling up the DagBag from /opt/airflow/dags/gold_processing.py
[2026-01-23T17:00:38.965+0000] {logging_mixin.py:188} INFO - [2026-01-23T17:00:38.961+0000] {dagbag.py:348} ERROR - Failed to import: /opt/airflow/dags/gold_processing.py
Traceback (most recent call last):
  File "/home/airflow/.local/lib/python3.8/site-packages/airflow/models/dagbag.py", line 344, in parse
    loader.exec_module(new_module)
  File "<frozen importlib._bootstrap_external>", line 843, in exec_module
  File "<frozen importlib._bootstrap>", line 219, in _call_with_frames_removed
  File "/opt/airflow/dags/gold_processing.py", line 1, in <module>
    from airflow import dag
ImportError: cannot import name 'dag' from 'airflow' (/home/airflow/.local/lib/python3.8/site-packages/airflow/__init__.py)
[2026-01-23T17:00:38.967+0000] {processor.py:842} WARNING - No viable dags retrieved from /opt/airflow/dags/gold_processing.py
[2026-01-23T17:00:39.030+0000] {processor.py:183} INFO - Processing /opt/airflow/dags/gold_processing.py took 0.093 seconds
[2026-01-23T17:01:09.402+0000] {processor.py:161} INFO - Started process (PID=749) to work on /opt/airflow/dags/gold_processing.py
[2026-01-23T17:01:09.404+0000] {processor.py:830} INFO - Processing file /opt/airflow/dags/gold_processing.py for tasks to queue
[2026-01-23T17:01:09.406+0000] {logging_mixin.py:188} INFO - [2026-01-23T17:01:09.406+0000] {dagbag.py:538} INFO - Filling up the DagBag from /opt/airflow/dags/gold_processing.py
[2026-01-23T17:01:09.421+0000] {logging_mixin.py:188} INFO - [2026-01-23T17:01:09.416+0000] {dagbag.py:348} ERROR - Failed to import: /opt/airflow/dags/gold_processing.py
Traceback (most recent call last):
  File "/home/airflow/.local/lib/python3.8/site-packages/airflow/models/dagbag.py", line 344, in parse
    loader.exec_module(new_module)
  File "<frozen importlib._bootstrap_external>", line 843, in exec_module
  File "<frozen importlib._bootstrap>", line 219, in _call_with_frames_removed
  File "/opt/airflow/dags/gold_processing.py", line 1, in <module>
    from airflow import dag
ImportError: cannot import name 'dag' from 'airflow' (/home/airflow/.local/lib/python3.8/site-packages/airflow/__init__.py)
[2026-01-23T17:01:09.423+0000] {processor.py:842} WARNING - No viable dags retrieved from /opt/airflow/dags/gold_processing.py
[2026-01-23T17:01:09.472+0000] {processor.py:183} INFO - Processing /opt/airflow/dags/gold_processing.py took 0.076 seconds
[2026-01-23T17:01:39.665+0000] {processor.py:161} INFO - Started process (PID=765) to work on /opt/airflow/dags/gold_processing.py
[2026-01-23T17:01:39.666+0000] {processor.py:830} INFO - Processing file /opt/airflow/dags/gold_processing.py for tasks to queue
[2026-01-23T17:01:39.667+0000] {logging_mixin.py:188} INFO - [2026-01-23T17:01:39.667+0000] {dagbag.py:538} INFO - Filling up the DagBag from /opt/airflow/dags/gold_processing.py
[2026-01-23T17:01:39.674+0000] {logging_mixin.py:188} INFO - [2026-01-23T17:01:39.672+0000] {dagbag.py:348} ERROR - Failed to import: /opt/airflow/dags/gold_processing.py
Traceback (most recent call last):
  File "/home/airflow/.local/lib/python3.8/site-packages/airflow/models/dagbag.py", line 344, in parse
    loader.exec_module(new_module)
  File "<frozen importlib._bootstrap_external>", line 843, in exec_module
  File "<frozen importlib._bootstrap>", line 219, in _call_with_frames_removed
  File "/opt/airflow/dags/gold_processing.py", line 1, in <module>
    from airflow import dag
ImportError: cannot import name 'dag' from 'airflow' (/home/airflow/.local/lib/python3.8/site-packages/airflow/__init__.py)
[2026-01-23T17:01:39.674+0000] {processor.py:842} WARNING - No viable dags retrieved from /opt/airflow/dags/gold_processing.py
[2026-01-23T17:01:39.719+0000] {processor.py:183} INFO - Processing /opt/airflow/dags/gold_processing.py took 0.059 seconds
[2026-01-23T17:02:09.849+0000] {processor.py:161} INFO - Started process (PID=781) to work on /opt/airflow/dags/gold_processing.py
[2026-01-23T17:02:09.855+0000] {processor.py:830} INFO - Processing file /opt/airflow/dags/gold_processing.py for tasks to queue
[2026-01-23T17:02:09.856+0000] {logging_mixin.py:188} INFO - [2026-01-23T17:02:09.856+0000] {dagbag.py:538} INFO - Filling up the DagBag from /opt/airflow/dags/gold_processing.py
[2026-01-23T17:02:09.864+0000] {logging_mixin.py:188} INFO - [2026-01-23T17:02:09.862+0000] {dagbag.py:348} ERROR - Failed to import: /opt/airflow/dags/gold_processing.py
Traceback (most recent call last):
  File "/home/airflow/.local/lib/python3.8/site-packages/airflow/models/dagbag.py", line 344, in parse
    loader.exec_module(new_module)
  File "<frozen importlib._bootstrap_external>", line 843, in exec_module
  File "<frozen importlib._bootstrap>", line 219, in _call_with_frames_removed
  File "/opt/airflow/dags/gold_processing.py", line 1, in <module>
    from airflow import dag
ImportError: cannot import name 'dag' from 'airflow' (/home/airflow/.local/lib/python3.8/site-packages/airflow/__init__.py)
[2026-01-23T17:02:09.865+0000] {processor.py:842} WARNING - No viable dags retrieved from /opt/airflow/dags/gold_processing.py
[2026-01-23T17:02:09.903+0000] {processor.py:183} INFO - Processing /opt/airflow/dags/gold_processing.py took 0.066 seconds
[2026-01-23T17:02:40.162+0000] {processor.py:161} INFO - Started process (PID=797) to work on /opt/airflow/dags/gold_processing.py
[2026-01-23T17:02:40.163+0000] {processor.py:830} INFO - Processing file /opt/airflow/dags/gold_processing.py for tasks to queue
[2026-01-23T17:02:40.165+0000] {logging_mixin.py:188} INFO - [2026-01-23T17:02:40.164+0000] {dagbag.py:538} INFO - Filling up the DagBag from /opt/airflow/dags/gold_processing.py
[2026-01-23T17:02:40.176+0000] {logging_mixin.py:188} INFO - [2026-01-23T17:02:40.173+0000] {dagbag.py:348} ERROR - Failed to import: /opt/airflow/dags/gold_processing.py
Traceback (most recent call last):
  File "/home/airflow/.local/lib/python3.8/site-packages/airflow/models/dagbag.py", line 344, in parse
    loader.exec_module(new_module)
  File "<frozen importlib._bootstrap_external>", line 843, in exec_module
  File "<frozen importlib._bootstrap>", line 219, in _call_with_frames_removed
  File "/opt/airflow/dags/gold_processing.py", line 1, in <module>
    from airflow import dag
ImportError: cannot import name 'dag' from 'airflow' (/home/airflow/.local/lib/python3.8/site-packages/airflow/__init__.py)
[2026-01-23T17:02:40.177+0000] {processor.py:842} WARNING - No viable dags retrieved from /opt/airflow/dags/gold_processing.py
[2026-01-23T17:02:40.229+0000] {processor.py:183} INFO - Processing /opt/airflow/dags/gold_processing.py took 0.076 seconds
[2026-01-23T17:03:10.535+0000] {processor.py:161} INFO - Started process (PID=813) to work on /opt/airflow/dags/gold_processing.py
[2026-01-23T17:03:10.536+0000] {processor.py:830} INFO - Processing file /opt/airflow/dags/gold_processing.py for tasks to queue
[2026-01-23T17:03:10.537+0000] {logging_mixin.py:188} INFO - [2026-01-23T17:03:10.537+0000] {dagbag.py:538} INFO - Filling up the DagBag from /opt/airflow/dags/gold_processing.py
[2026-01-23T17:03:10.544+0000] {logging_mixin.py:188} INFO - [2026-01-23T17:03:10.542+0000] {dagbag.py:348} ERROR - Failed to import: /opt/airflow/dags/gold_processing.py
Traceback (most recent call last):
  File "/home/airflow/.local/lib/python3.8/site-packages/airflow/models/dagbag.py", line 344, in parse
    loader.exec_module(new_module)
  File "<frozen importlib._bootstrap_external>", line 843, in exec_module
  File "<frozen importlib._bootstrap>", line 219, in _call_with_frames_removed
  File "/opt/airflow/dags/gold_processing.py", line 1, in <module>
    from airflow import dag
ImportError: cannot import name 'dag' from 'airflow' (/home/airflow/.local/lib/python3.8/site-packages/airflow/__init__.py)
[2026-01-23T17:03:10.544+0000] {processor.py:842} WARNING - No viable dags retrieved from /opt/airflow/dags/gold_processing.py
[2026-01-23T17:03:10.572+0000] {processor.py:183} INFO - Processing /opt/airflow/dags/gold_processing.py took 0.042 seconds
[2026-01-23T17:03:40.865+0000] {processor.py:161} INFO - Started process (PID=829) to work on /opt/airflow/dags/gold_processing.py
[2026-01-23T17:03:40.866+0000] {processor.py:830} INFO - Processing file /opt/airflow/dags/gold_processing.py for tasks to queue
[2026-01-23T17:03:40.868+0000] {logging_mixin.py:188} INFO - [2026-01-23T17:03:40.867+0000] {dagbag.py:538} INFO - Filling up the DagBag from /opt/airflow/dags/gold_processing.py
[2026-01-23T17:03:40.874+0000] {logging_mixin.py:188} INFO - [2026-01-23T17:03:40.873+0000] {dagbag.py:348} ERROR - Failed to import: /opt/airflow/dags/gold_processing.py
Traceback (most recent call last):
  File "/home/airflow/.local/lib/python3.8/site-packages/airflow/models/dagbag.py", line 344, in parse
    loader.exec_module(new_module)
  File "<frozen importlib._bootstrap_external>", line 843, in exec_module
  File "<frozen importlib._bootstrap>", line 219, in _call_with_frames_removed
  File "/opt/airflow/dags/gold_processing.py", line 1, in <module>
    from airflow import dag
ImportError: cannot import name 'dag' from 'airflow' (/home/airflow/.local/lib/python3.8/site-packages/airflow/__init__.py)
[2026-01-23T17:03:40.875+0000] {processor.py:842} WARNING - No viable dags retrieved from /opt/airflow/dags/gold_processing.py
[2026-01-23T17:03:40.904+0000] {processor.py:183} INFO - Processing /opt/airflow/dags/gold_processing.py took 0.043 seconds
[2026-01-23T17:04:11.248+0000] {processor.py:161} INFO - Started process (PID=845) to work on /opt/airflow/dags/gold_processing.py
[2026-01-23T17:04:11.249+0000] {processor.py:830} INFO - Processing file /opt/airflow/dags/gold_processing.py for tasks to queue
[2026-01-23T17:04:11.251+0000] {logging_mixin.py:188} INFO - [2026-01-23T17:04:11.251+0000] {dagbag.py:538} INFO - Filling up the DagBag from /opt/airflow/dags/gold_processing.py
[2026-01-23T17:04:11.257+0000] {logging_mixin.py:188} INFO - [2026-01-23T17:04:11.256+0000] {dagbag.py:348} ERROR - Failed to import: /opt/airflow/dags/gold_processing.py
Traceback (most recent call last):
  File "/home/airflow/.local/lib/python3.8/site-packages/airflow/models/dagbag.py", line 344, in parse
    loader.exec_module(new_module)
  File "<frozen importlib._bootstrap_external>", line 843, in exec_module
  File "<frozen importlib._bootstrap>", line 219, in _call_with_frames_removed
  File "/opt/airflow/dags/gold_processing.py", line 1, in <module>
    from airflow import dag
ImportError: cannot import name 'dag' from 'airflow' (/home/airflow/.local/lib/python3.8/site-packages/airflow/__init__.py)
[2026-01-23T17:04:11.258+0000] {processor.py:842} WARNING - No viable dags retrieved from /opt/airflow/dags/gold_processing.py
[2026-01-23T17:04:11.290+0000] {processor.py:183} INFO - Processing /opt/airflow/dags/gold_processing.py took 0.046 seconds
[2026-01-23T17:04:41.601+0000] {processor.py:161} INFO - Started process (PID=861) to work on /opt/airflow/dags/gold_processing.py
[2026-01-23T17:04:41.603+0000] {processor.py:830} INFO - Processing file /opt/airflow/dags/gold_processing.py for tasks to queue
[2026-01-23T17:04:41.604+0000] {logging_mixin.py:188} INFO - [2026-01-23T17:04:41.604+0000] {dagbag.py:538} INFO - Filling up the DagBag from /opt/airflow/dags/gold_processing.py
[2026-01-23T17:04:41.612+0000] {logging_mixin.py:188} INFO - [2026-01-23T17:04:41.610+0000] {dagbag.py:348} ERROR - Failed to import: /opt/airflow/dags/gold_processing.py
Traceback (most recent call last):
  File "/home/airflow/.local/lib/python3.8/site-packages/airflow/models/dagbag.py", line 344, in parse
    loader.exec_module(new_module)
  File "<frozen importlib._bootstrap_external>", line 843, in exec_module
  File "<frozen importlib._bootstrap>", line 219, in _call_with_frames_removed
  File "/opt/airflow/dags/gold_processing.py", line 1, in <module>
    from airflow import dag
ImportError: cannot import name 'dag' from 'airflow' (/home/airflow/.local/lib/python3.8/site-packages/airflow/__init__.py)
[2026-01-23T17:04:41.613+0000] {processor.py:842} WARNING - No viable dags retrieved from /opt/airflow/dags/gold_processing.py
[2026-01-23T17:04:41.651+0000] {processor.py:183} INFO - Processing /opt/airflow/dags/gold_processing.py took 0.055 seconds
[2026-01-23T17:05:12.099+0000] {processor.py:161} INFO - Started process (PID=877) to work on /opt/airflow/dags/gold_processing.py
[2026-01-23T17:05:12.100+0000] {processor.py:830} INFO - Processing file /opt/airflow/dags/gold_processing.py for tasks to queue
[2026-01-23T17:05:12.102+0000] {logging_mixin.py:188} INFO - [2026-01-23T17:05:12.101+0000] {dagbag.py:538} INFO - Filling up the DagBag from /opt/airflow/dags/gold_processing.py
[2026-01-23T17:05:12.109+0000] {logging_mixin.py:188} INFO - [2026-01-23T17:05:12.107+0000] {dagbag.py:348} ERROR - Failed to import: /opt/airflow/dags/gold_processing.py
Traceback (most recent call last):
  File "/home/airflow/.local/lib/python3.8/site-packages/airflow/models/dagbag.py", line 344, in parse
    loader.exec_module(new_module)
  File "<frozen importlib._bootstrap_external>", line 843, in exec_module
  File "<frozen importlib._bootstrap>", line 219, in _call_with_frames_removed
  File "/opt/airflow/dags/gold_processing.py", line 1, in <module>
    from airflow import dag
ImportError: cannot import name 'dag' from 'airflow' (/home/airflow/.local/lib/python3.8/site-packages/airflow/__init__.py)
[2026-01-23T17:05:12.110+0000] {processor.py:842} WARNING - No viable dags retrieved from /opt/airflow/dags/gold_processing.py
[2026-01-23T17:05:12.145+0000] {processor.py:183} INFO - Processing /opt/airflow/dags/gold_processing.py took 0.050 seconds
[2026-01-23T17:05:42.584+0000] {processor.py:161} INFO - Started process (PID=893) to work on /opt/airflow/dags/gold_processing.py
[2026-01-23T17:05:42.586+0000] {processor.py:830} INFO - Processing file /opt/airflow/dags/gold_processing.py for tasks to queue
[2026-01-23T17:05:42.589+0000] {logging_mixin.py:188} INFO - [2026-01-23T17:05:42.588+0000] {dagbag.py:538} INFO - Filling up the DagBag from /opt/airflow/dags/gold_processing.py
[2026-01-23T17:05:42.596+0000] {logging_mixin.py:188} INFO - [2026-01-23T17:05:42.595+0000] {dagbag.py:348} ERROR - Failed to import: /opt/airflow/dags/gold_processing.py
Traceback (most recent call last):
  File "/home/airflow/.local/lib/python3.8/site-packages/airflow/models/dagbag.py", line 344, in parse
    loader.exec_module(new_module)
  File "<frozen importlib._bootstrap_external>", line 843, in exec_module
  File "<frozen importlib._bootstrap>", line 219, in _call_with_frames_removed
  File "/opt/airflow/dags/gold_processing.py", line 1, in <module>
    from airflow import dag
ImportError: cannot import name 'dag' from 'airflow' (/home/airflow/.local/lib/python3.8/site-packages/airflow/__init__.py)
[2026-01-23T17:05:42.597+0000] {processor.py:842} WARNING - No viable dags retrieved from /opt/airflow/dags/gold_processing.py
[2026-01-23T17:05:42.652+0000] {processor.py:183} INFO - Processing /opt/airflow/dags/gold_processing.py took 0.073 seconds
[2026-01-23T17:06:13.291+0000] {processor.py:161} INFO - Started process (PID=909) to work on /opt/airflow/dags/gold_processing.py
[2026-01-23T17:06:13.293+0000] {processor.py:830} INFO - Processing file /opt/airflow/dags/gold_processing.py for tasks to queue
[2026-01-23T17:06:13.302+0000] {logging_mixin.py:188} INFO - [2026-01-23T17:06:13.294+0000] {dagbag.py:538} INFO - Filling up the DagBag from /opt/airflow/dags/gold_processing.py
[2026-01-23T17:06:13.326+0000] {logging_mixin.py:188} INFO - [2026-01-23T17:06:13.323+0000] {dagbag.py:348} ERROR - Failed to import: /opt/airflow/dags/gold_processing.py
Traceback (most recent call last):
  File "/home/airflow/.local/lib/python3.8/site-packages/airflow/models/dagbag.py", line 344, in parse
    loader.exec_module(new_module)
  File "<frozen importlib._bootstrap_external>", line 843, in exec_module
  File "<frozen importlib._bootstrap>", line 219, in _call_with_frames_removed
  File "/opt/airflow/dags/gold_processing.py", line 1, in <module>
    from airflow import dag
ImportError: cannot import name 'dag' from 'airflow' (/home/airflow/.local/lib/python3.8/site-packages/airflow/__init__.py)
[2026-01-23T17:06:13.327+0000] {processor.py:842} WARNING - No viable dags retrieved from /opt/airflow/dags/gold_processing.py
[2026-01-23T17:06:13.387+0000] {processor.py:183} INFO - Processing /opt/airflow/dags/gold_processing.py took 0.106 seconds
[2026-01-23T17:06:43.463+0000] {processor.py:161} INFO - Started process (PID=925) to work on /opt/airflow/dags/gold_processing.py
[2026-01-23T17:06:43.465+0000] {processor.py:830} INFO - Processing file /opt/airflow/dags/gold_processing.py for tasks to queue
[2026-01-23T17:06:43.468+0000] {logging_mixin.py:188} INFO - [2026-01-23T17:06:43.468+0000] {dagbag.py:538} INFO - Filling up the DagBag from /opt/airflow/dags/gold_processing.py
[2026-01-23T17:06:43.480+0000] {logging_mixin.py:188} INFO - [2026-01-23T17:06:43.478+0000] {dagbag.py:348} ERROR - Failed to import: /opt/airflow/dags/gold_processing.py
Traceback (most recent call last):
  File "/home/airflow/.local/lib/python3.8/site-packages/airflow/models/dagbag.py", line 344, in parse
    loader.exec_module(new_module)
  File "<frozen importlib._bootstrap_external>", line 843, in exec_module
  File "<frozen importlib._bootstrap>", line 219, in _call_with_frames_removed
  File "/opt/airflow/dags/gold_processing.py", line 1, in <module>
    from airflow import dag
ImportError: cannot import name 'dag' from 'airflow' (/home/airflow/.local/lib/python3.8/site-packages/airflow/__init__.py)
[2026-01-23T17:06:43.482+0000] {processor.py:842} WARNING - No viable dags retrieved from /opt/airflow/dags/gold_processing.py
[2026-01-23T17:06:43.577+0000] {processor.py:183} INFO - Processing /opt/airflow/dags/gold_processing.py took 0.123 seconds
[2026-01-23T17:07:14.132+0000] {processor.py:161} INFO - Started process (PID=964) to work on /opt/airflow/dags/gold_processing.py
[2026-01-23T17:07:14.134+0000] {processor.py:830} INFO - Processing file /opt/airflow/dags/gold_processing.py for tasks to queue
[2026-01-23T17:07:14.137+0000] {logging_mixin.py:188} INFO - [2026-01-23T17:07:14.137+0000] {dagbag.py:538} INFO - Filling up the DagBag from /opt/airflow/dags/gold_processing.py
[2026-01-23T17:07:14.152+0000] {logging_mixin.py:188} INFO - [2026-01-23T17:07:14.149+0000] {dagbag.py:348} ERROR - Failed to import: /opt/airflow/dags/gold_processing.py
Traceback (most recent call last):
  File "/home/airflow/.local/lib/python3.8/site-packages/airflow/models/dagbag.py", line 344, in parse
    loader.exec_module(new_module)
  File "<frozen importlib._bootstrap_external>", line 843, in exec_module
  File "<frozen importlib._bootstrap>", line 219, in _call_with_frames_removed
  File "/opt/airflow/dags/gold_processing.py", line 1, in <module>
    from airflow import dag
ImportError: cannot import name 'dag' from 'airflow' (/home/airflow/.local/lib/python3.8/site-packages/airflow/__init__.py)
[2026-01-23T17:07:14.153+0000] {processor.py:842} WARNING - No viable dags retrieved from /opt/airflow/dags/gold_processing.py
[2026-01-23T17:07:14.230+0000] {processor.py:183} INFO - Processing /opt/airflow/dags/gold_processing.py took 0.106 seconds
[2026-01-23T17:07:44.768+0000] {processor.py:161} INFO - Started process (PID=980) to work on /opt/airflow/dags/gold_processing.py
[2026-01-23T17:07:44.771+0000] {processor.py:830} INFO - Processing file /opt/airflow/dags/gold_processing.py for tasks to queue
[2026-01-23T17:07:44.775+0000] {logging_mixin.py:188} INFO - [2026-01-23T17:07:44.774+0000] {dagbag.py:538} INFO - Filling up the DagBag from /opt/airflow/dags/gold_processing.py
[2026-01-23T17:07:44.800+0000] {logging_mixin.py:188} INFO - [2026-01-23T17:07:44.795+0000] {dagbag.py:348} ERROR - Failed to import: /opt/airflow/dags/gold_processing.py
Traceback (most recent call last):
  File "/home/airflow/.local/lib/python3.8/site-packages/airflow/models/dagbag.py", line 344, in parse
    loader.exec_module(new_module)
  File "<frozen importlib._bootstrap_external>", line 843, in exec_module
  File "<frozen importlib._bootstrap>", line 219, in _call_with_frames_removed
  File "/opt/airflow/dags/gold_processing.py", line 1, in <module>
    from airflow import dag
ImportError: cannot import name 'dag' from 'airflow' (/home/airflow/.local/lib/python3.8/site-packages/airflow/__init__.py)
[2026-01-23T17:07:44.801+0000] {processor.py:842} WARNING - No viable dags retrieved from /opt/airflow/dags/gold_processing.py
[2026-01-23T17:07:44.899+0000] {processor.py:183} INFO - Processing /opt/airflow/dags/gold_processing.py took 0.143 seconds
[2026-01-23T17:08:15.217+0000] {processor.py:161} INFO - Started process (PID=996) to work on /opt/airflow/dags/gold_processing.py
[2026-01-23T17:08:15.220+0000] {processor.py:830} INFO - Processing file /opt/airflow/dags/gold_processing.py for tasks to queue
[2026-01-23T17:08:15.223+0000] {logging_mixin.py:188} INFO - [2026-01-23T17:08:15.222+0000] {dagbag.py:538} INFO - Filling up the DagBag from /opt/airflow/dags/gold_processing.py
[2026-01-23T17:08:15.240+0000] {logging_mixin.py:188} INFO - [2026-01-23T17:08:15.234+0000] {dagbag.py:348} ERROR - Failed to import: /opt/airflow/dags/gold_processing.py
Traceback (most recent call last):
  File "/home/airflow/.local/lib/python3.8/site-packages/airflow/models/dagbag.py", line 344, in parse
    loader.exec_module(new_module)
  File "<frozen importlib._bootstrap_external>", line 843, in exec_module
  File "<frozen importlib._bootstrap>", line 219, in _call_with_frames_removed
  File "/opt/airflow/dags/gold_processing.py", line 1, in <module>
    from airflow import dag
ImportError: cannot import name 'dag' from 'airflow' (/home/airflow/.local/lib/python3.8/site-packages/airflow/__init__.py)
[2026-01-23T17:08:15.241+0000] {processor.py:842} WARNING - No viable dags retrieved from /opt/airflow/dags/gold_processing.py
[2026-01-23T17:08:15.322+0000] {processor.py:183} INFO - Processing /opt/airflow/dags/gold_processing.py took 0.113 seconds
[2026-01-23T17:08:45.644+0000] {processor.py:161} INFO - Started process (PID=1010) to work on /opt/airflow/dags/gold_processing.py
[2026-01-23T17:08:45.646+0000] {processor.py:830} INFO - Processing file /opt/airflow/dags/gold_processing.py for tasks to queue
[2026-01-23T17:08:45.648+0000] {logging_mixin.py:188} INFO - [2026-01-23T17:08:45.648+0000] {dagbag.py:538} INFO - Filling up the DagBag from /opt/airflow/dags/gold_processing.py
[2026-01-23T17:08:45.659+0000] {logging_mixin.py:188} INFO - [2026-01-23T17:08:45.657+0000] {dagbag.py:348} ERROR - Failed to import: /opt/airflow/dags/gold_processing.py
Traceback (most recent call last):
  File "/home/airflow/.local/lib/python3.8/site-packages/airflow/models/dagbag.py", line 344, in parse
    loader.exec_module(new_module)
  File "<frozen importlib._bootstrap_external>", line 843, in exec_module
  File "<frozen importlib._bootstrap>", line 219, in _call_with_frames_removed
  File "/opt/airflow/dags/gold_processing.py", line 1, in <module>
    from airflow import dag
ImportError: cannot import name 'dag' from 'airflow' (/home/airflow/.local/lib/python3.8/site-packages/airflow/__init__.py)
[2026-01-23T17:08:45.660+0000] {processor.py:842} WARNING - No viable dags retrieved from /opt/airflow/dags/gold_processing.py
[2026-01-23T17:08:45.740+0000] {processor.py:183} INFO - Processing /opt/airflow/dags/gold_processing.py took 0.106 seconds
[2026-01-23T17:09:16.272+0000] {processor.py:161} INFO - Started process (PID=1052) to work on /opt/airflow/dags/gold_processing.py
[2026-01-23T17:09:16.275+0000] {processor.py:830} INFO - Processing file /opt/airflow/dags/gold_processing.py for tasks to queue
[2026-01-23T17:09:16.278+0000] {logging_mixin.py:188} INFO - [2026-01-23T17:09:16.277+0000] {dagbag.py:538} INFO - Filling up the DagBag from /opt/airflow/dags/gold_processing.py
[2026-01-23T17:09:16.301+0000] {logging_mixin.py:188} INFO - [2026-01-23T17:09:16.293+0000] {dagbag.py:348} ERROR - Failed to import: /opt/airflow/dags/gold_processing.py
Traceback (most recent call last):
  File "/home/airflow/.local/lib/python3.8/site-packages/airflow/models/dagbag.py", line 344, in parse
    loader.exec_module(new_module)
  File "<frozen importlib._bootstrap_external>", line 843, in exec_module
  File "<frozen importlib._bootstrap>", line 219, in _call_with_frames_removed
  File "/opt/airflow/dags/gold_processing.py", line 1, in <module>
    from airflow import dag
ImportError: cannot import name 'dag' from 'airflow' (/home/airflow/.local/lib/python3.8/site-packages/airflow/__init__.py)
[2026-01-23T17:09:16.306+0000] {processor.py:842} WARNING - No viable dags retrieved from /opt/airflow/dags/gold_processing.py
[2026-01-23T17:09:16.426+0000] {processor.py:183} INFO - Processing /opt/airflow/dags/gold_processing.py took 0.164 seconds
[2026-01-23T17:09:46.872+0000] {processor.py:161} INFO - Started process (PID=1065) to work on /opt/airflow/dags/gold_processing.py
[2026-01-23T17:09:46.879+0000] {processor.py:830} INFO - Processing file /opt/airflow/dags/gold_processing.py for tasks to queue
[2026-01-23T17:09:46.881+0000] {logging_mixin.py:188} INFO - [2026-01-23T17:09:46.880+0000] {dagbag.py:538} INFO - Filling up the DagBag from /opt/airflow/dags/gold_processing.py
[2026-01-23T17:09:46.893+0000] {logging_mixin.py:188} INFO - [2026-01-23T17:09:46.890+0000] {dagbag.py:348} ERROR - Failed to import: /opt/airflow/dags/gold_processing.py
Traceback (most recent call last):
  File "/home/airflow/.local/lib/python3.8/site-packages/airflow/models/dagbag.py", line 344, in parse
    loader.exec_module(new_module)
  File "<frozen importlib._bootstrap_external>", line 843, in exec_module
  File "<frozen importlib._bootstrap>", line 219, in _call_with_frames_removed
  File "/opt/airflow/dags/gold_processing.py", line 1, in <module>
    from airflow import dag
ImportError: cannot import name 'dag' from 'airflow' (/home/airflow/.local/lib/python3.8/site-packages/airflow/__init__.py)
[2026-01-23T17:09:46.894+0000] {processor.py:842} WARNING - No viable dags retrieved from /opt/airflow/dags/gold_processing.py
[2026-01-23T17:09:46.944+0000] {processor.py:183} INFO - Processing /opt/airflow/dags/gold_processing.py took 0.115 seconds
[2026-01-23T17:10:17.744+0000] {processor.py:161} INFO - Started process (PID=1088) to work on /opt/airflow/dags/gold_processing.py
[2026-01-23T17:10:17.747+0000] {processor.py:830} INFO - Processing file /opt/airflow/dags/gold_processing.py for tasks to queue
[2026-01-23T17:10:17.749+0000] {logging_mixin.py:188} INFO - [2026-01-23T17:10:17.749+0000] {dagbag.py:538} INFO - Filling up the DagBag from /opt/airflow/dags/gold_processing.py
[2026-01-23T17:10:17.764+0000] {logging_mixin.py:188} INFO - [2026-01-23T17:10:17.761+0000] {dagbag.py:348} ERROR - Failed to import: /opt/airflow/dags/gold_processing.py
Traceback (most recent call last):
  File "/home/airflow/.local/lib/python3.8/site-packages/airflow/models/dagbag.py", line 344, in parse
    loader.exec_module(new_module)
  File "<frozen importlib._bootstrap_external>", line 843, in exec_module
  File "<frozen importlib._bootstrap>", line 219, in _call_with_frames_removed
  File "/opt/airflow/dags/gold_processing.py", line 1, in <module>
    from airflow import dag
ImportError: cannot import name 'dag' from 'airflow' (/home/airflow/.local/lib/python3.8/site-packages/airflow/__init__.py)
[2026-01-23T17:10:17.766+0000] {processor.py:842} WARNING - No viable dags retrieved from /opt/airflow/dags/gold_processing.py
[2026-01-23T17:10:17.863+0000] {processor.py:183} INFO - Processing /opt/airflow/dags/gold_processing.py took 0.128 seconds
[2026-01-23T17:10:48.586+0000] {processor.py:161} INFO - Started process (PID=1117) to work on /opt/airflow/dags/gold_processing.py
[2026-01-23T17:10:48.589+0000] {processor.py:830} INFO - Processing file /opt/airflow/dags/gold_processing.py for tasks to queue
[2026-01-23T17:10:48.592+0000] {logging_mixin.py:188} INFO - [2026-01-23T17:10:48.591+0000] {dagbag.py:538} INFO - Filling up the DagBag from /opt/airflow/dags/gold_processing.py
[2026-01-23T17:10:48.607+0000] {logging_mixin.py:188} INFO - [2026-01-23T17:10:48.604+0000] {dagbag.py:348} ERROR - Failed to import: /opt/airflow/dags/gold_processing.py
Traceback (most recent call last):
  File "/home/airflow/.local/lib/python3.8/site-packages/airflow/models/dagbag.py", line 344, in parse
    loader.exec_module(new_module)
  File "<frozen importlib._bootstrap_external>", line 843, in exec_module
  File "<frozen importlib._bootstrap>", line 219, in _call_with_frames_removed
  File "/opt/airflow/dags/gold_processing.py", line 1, in <module>
    from airflow import dag
ImportError: cannot import name 'dag' from 'airflow' (/home/airflow/.local/lib/python3.8/site-packages/airflow/__init__.py)
[2026-01-23T17:10:48.608+0000] {processor.py:842} WARNING - No viable dags retrieved from /opt/airflow/dags/gold_processing.py
[2026-01-23T17:10:48.666+0000] {processor.py:183} INFO - Processing /opt/airflow/dags/gold_processing.py took 0.090 seconds
[2026-01-23T17:11:19.223+0000] {processor.py:161} INFO - Started process (PID=1161) to work on /opt/airflow/dags/gold_processing.py
[2026-01-23T17:11:19.226+0000] {processor.py:830} INFO - Processing file /opt/airflow/dags/gold_processing.py for tasks to queue
[2026-01-23T17:11:19.229+0000] {logging_mixin.py:188} INFO - [2026-01-23T17:11:19.228+0000] {dagbag.py:538} INFO - Filling up the DagBag from /opt/airflow/dags/gold_processing.py
[2026-01-23T17:11:19.242+0000] {logging_mixin.py:188} INFO - [2026-01-23T17:11:19.239+0000] {dagbag.py:348} ERROR - Failed to import: /opt/airflow/dags/gold_processing.py
Traceback (most recent call last):
  File "/home/airflow/.local/lib/python3.8/site-packages/airflow/models/dagbag.py", line 344, in parse
    loader.exec_module(new_module)
  File "<frozen importlib._bootstrap_external>", line 843, in exec_module
  File "<frozen importlib._bootstrap>", line 219, in _call_with_frames_removed
  File "/opt/airflow/dags/gold_processing.py", line 1, in <module>
    from airflow import dag
ImportError: cannot import name 'dag' from 'airflow' (/home/airflow/.local/lib/python3.8/site-packages/airflow/__init__.py)
[2026-01-23T17:11:19.243+0000] {processor.py:842} WARNING - No viable dags retrieved from /opt/airflow/dags/gold_processing.py
[2026-01-23T17:11:19.296+0000] {processor.py:183} INFO - Processing /opt/airflow/dags/gold_processing.py took 0.095 seconds
[2026-01-23T17:11:49.687+0000] {processor.py:161} INFO - Started process (PID=1184) to work on /opt/airflow/dags/gold_processing.py
[2026-01-23T17:11:49.689+0000] {processor.py:830} INFO - Processing file /opt/airflow/dags/gold_processing.py for tasks to queue
[2026-01-23T17:11:49.692+0000] {logging_mixin.py:188} INFO - [2026-01-23T17:11:49.691+0000] {dagbag.py:538} INFO - Filling up the DagBag from /opt/airflow/dags/gold_processing.py
[2026-01-23T17:11:49.705+0000] {logging_mixin.py:188} INFO - [2026-01-23T17:11:49.702+0000] {dagbag.py:348} ERROR - Failed to import: /opt/airflow/dags/gold_processing.py
Traceback (most recent call last):
  File "/home/airflow/.local/lib/python3.8/site-packages/airflow/models/dagbag.py", line 344, in parse
    loader.exec_module(new_module)
  File "<frozen importlib._bootstrap_external>", line 843, in exec_module
  File "<frozen importlib._bootstrap>", line 219, in _call_with_frames_removed
  File "/opt/airflow/dags/gold_processing.py", line 1, in <module>
    from airflow import dag
ImportError: cannot import name 'dag' from 'airflow' (/home/airflow/.local/lib/python3.8/site-packages/airflow/__init__.py)
[2026-01-23T17:11:49.707+0000] {processor.py:842} WARNING - No viable dags retrieved from /opt/airflow/dags/gold_processing.py
[2026-01-23T17:11:49.767+0000] {processor.py:183} INFO - Processing /opt/airflow/dags/gold_processing.py took 0.089 seconds
[2026-01-23T17:12:20.233+0000] {processor.py:161} INFO - Started process (PID=1207) to work on /opt/airflow/dags/gold_processing.py
[2026-01-23T17:12:20.235+0000] {processor.py:830} INFO - Processing file /opt/airflow/dags/gold_processing.py for tasks to queue
[2026-01-23T17:12:20.238+0000] {logging_mixin.py:188} INFO - [2026-01-23T17:12:20.237+0000] {dagbag.py:538} INFO - Filling up the DagBag from /opt/airflow/dags/gold_processing.py
[2026-01-23T17:12:20.257+0000] {logging_mixin.py:188} INFO - [2026-01-23T17:12:20.252+0000] {dagbag.py:348} ERROR - Failed to import: /opt/airflow/dags/gold_processing.py
Traceback (most recent call last):
  File "/home/airflow/.local/lib/python3.8/site-packages/airflow/models/dagbag.py", line 344, in parse
    loader.exec_module(new_module)
  File "<frozen importlib._bootstrap_external>", line 843, in exec_module
  File "<frozen importlib._bootstrap>", line 219, in _call_with_frames_removed
  File "/opt/airflow/dags/gold_processing.py", line 1, in <module>
    from airflow import dag
ImportError: cannot import name 'dag' from 'airflow' (/home/airflow/.local/lib/python3.8/site-packages/airflow/__init__.py)
[2026-01-23T17:12:20.258+0000] {processor.py:842} WARNING - No viable dags retrieved from /opt/airflow/dags/gold_processing.py
[2026-01-23T17:12:20.329+0000] {processor.py:183} INFO - Processing /opt/airflow/dags/gold_processing.py took 0.104 seconds
[2026-01-23T17:12:51.094+0000] {processor.py:161} INFO - Started process (PID=1240) to work on /opt/airflow/dags/gold_processing.py
[2026-01-23T17:12:51.096+0000] {processor.py:830} INFO - Processing file /opt/airflow/dags/gold_processing.py for tasks to queue
[2026-01-23T17:12:51.098+0000] {logging_mixin.py:188} INFO - [2026-01-23T17:12:51.097+0000] {dagbag.py:538} INFO - Filling up the DagBag from /opt/airflow/dags/gold_processing.py
[2026-01-23T17:12:51.110+0000] {logging_mixin.py:188} INFO - [2026-01-23T17:12:51.108+0000] {dagbag.py:348} ERROR - Failed to import: /opt/airflow/dags/gold_processing.py
Traceback (most recent call last):
  File "/home/airflow/.local/lib/python3.8/site-packages/airflow/models/dagbag.py", line 344, in parse
    loader.exec_module(new_module)
  File "<frozen importlib._bootstrap_external>", line 843, in exec_module
  File "<frozen importlib._bootstrap>", line 219, in _call_with_frames_removed
  File "/opt/airflow/dags/gold_processing.py", line 1, in <module>
    from airflow import dag
ImportError: cannot import name 'dag' from 'airflow' (/home/airflow/.local/lib/python3.8/site-packages/airflow/__init__.py)
[2026-01-23T17:12:51.112+0000] {processor.py:842} WARNING - No viable dags retrieved from /opt/airflow/dags/gold_processing.py
[2026-01-23T17:12:51.172+0000] {processor.py:183} INFO - Processing /opt/airflow/dags/gold_processing.py took 0.086 seconds
[2026-01-23T17:13:21.538+0000] {processor.py:161} INFO - Started process (PID=1256) to work on /opt/airflow/dags/gold_processing.py
[2026-01-23T17:13:21.540+0000] {processor.py:830} INFO - Processing file /opt/airflow/dags/gold_processing.py for tasks to queue
[2026-01-23T17:13:21.542+0000] {logging_mixin.py:188} INFO - [2026-01-23T17:13:21.541+0000] {dagbag.py:538} INFO - Filling up the DagBag from /opt/airflow/dags/gold_processing.py
[2026-01-23T17:13:21.559+0000] {logging_mixin.py:188} INFO - [2026-01-23T17:13:21.554+0000] {dagbag.py:348} ERROR - Failed to import: /opt/airflow/dags/gold_processing.py
Traceback (most recent call last):
  File "/home/airflow/.local/lib/python3.8/site-packages/airflow/models/dagbag.py", line 344, in parse
    loader.exec_module(new_module)
  File "<frozen importlib._bootstrap_external>", line 843, in exec_module
  File "<frozen importlib._bootstrap>", line 219, in _call_with_frames_removed
  File "/opt/airflow/dags/gold_processing.py", line 1, in <module>
    from airflow import dag
ImportError: cannot import name 'dag' from 'airflow' (/home/airflow/.local/lib/python3.8/site-packages/airflow/__init__.py)
[2026-01-23T17:13:21.561+0000] {processor.py:842} WARNING - No viable dags retrieved from /opt/airflow/dags/gold_processing.py
[2026-01-23T17:13:21.640+0000] {processor.py:183} INFO - Processing /opt/airflow/dags/gold_processing.py took 0.110 seconds
[2026-01-23T17:13:52.444+0000] {processor.py:161} INFO - Started process (PID=1292) to work on /opt/airflow/dags/gold_processing.py
[2026-01-23T17:13:52.447+0000] {processor.py:830} INFO - Processing file /opt/airflow/dags/gold_processing.py for tasks to queue
[2026-01-23T17:13:52.450+0000] {logging_mixin.py:188} INFO - [2026-01-23T17:13:52.449+0000] {dagbag.py:538} INFO - Filling up the DagBag from /opt/airflow/dags/gold_processing.py
[2026-01-23T17:13:52.472+0000] {logging_mixin.py:188} INFO - [2026-01-23T17:13:52.466+0000] {dagbag.py:348} ERROR - Failed to import: /opt/airflow/dags/gold_processing.py
Traceback (most recent call last):
  File "/home/airflow/.local/lib/python3.8/site-packages/airflow/models/dagbag.py", line 344, in parse
    loader.exec_module(new_module)
  File "<frozen importlib._bootstrap_external>", line 843, in exec_module
  File "<frozen importlib._bootstrap>", line 219, in _call_with_frames_removed
  File "/opt/airflow/dags/gold_processing.py", line 1, in <module>
    from airflow import dag
ImportError: cannot import name 'dag' from 'airflow' (/home/airflow/.local/lib/python3.8/site-packages/airflow/__init__.py)
[2026-01-23T17:13:52.473+0000] {processor.py:842} WARNING - No viable dags retrieved from /opt/airflow/dags/gold_processing.py
[2026-01-23T17:13:52.550+0000] {processor.py:183} INFO - Processing /opt/airflow/dags/gold_processing.py took 0.117 seconds
[2026-01-23T17:14:23.390+0000] {processor.py:161} INFO - Started process (PID=1323) to work on /opt/airflow/dags/gold_processing.py
[2026-01-23T17:14:23.392+0000] {processor.py:830} INFO - Processing file /opt/airflow/dags/gold_processing.py for tasks to queue
[2026-01-23T17:14:23.394+0000] {logging_mixin.py:188} INFO - [2026-01-23T17:14:23.394+0000] {dagbag.py:538} INFO - Filling up the DagBag from /opt/airflow/dags/gold_processing.py
[2026-01-23T17:14:23.406+0000] {logging_mixin.py:188} INFO - [2026-01-23T17:14:23.404+0000] {dagbag.py:348} ERROR - Failed to import: /opt/airflow/dags/gold_processing.py
Traceback (most recent call last):
  File "/home/airflow/.local/lib/python3.8/site-packages/airflow/models/dagbag.py", line 344, in parse
    loader.exec_module(new_module)
  File "<frozen importlib._bootstrap_external>", line 843, in exec_module
  File "<frozen importlib._bootstrap>", line 219, in _call_with_frames_removed
  File "/opt/airflow/dags/gold_processing.py", line 1, in <module>
    from airflow import dag
ImportError: cannot import name 'dag' from 'airflow' (/home/airflow/.local/lib/python3.8/site-packages/airflow/__init__.py)
[2026-01-23T17:14:23.408+0000] {processor.py:842} WARNING - No viable dags retrieved from /opt/airflow/dags/gold_processing.py
[2026-01-23T17:14:23.474+0000] {processor.py:183} INFO - Processing /opt/airflow/dags/gold_processing.py took 0.092 seconds
[2026-01-23T17:14:53.694+0000] {processor.py:161} INFO - Started process (PID=1372) to work on /opt/airflow/dags/gold_processing.py
[2026-01-23T17:14:53.696+0000] {processor.py:830} INFO - Processing file /opt/airflow/dags/gold_processing.py for tasks to queue
[2026-01-23T17:14:53.703+0000] {logging_mixin.py:188} INFO - [2026-01-23T17:14:53.701+0000] {dagbag.py:538} INFO - Filling up the DagBag from /opt/airflow/dags/gold_processing.py
[2026-01-23T17:14:53.726+0000] {logging_mixin.py:188} INFO - [2026-01-23T17:14:53.721+0000] {dagbag.py:348} ERROR - Failed to import: /opt/airflow/dags/gold_processing.py
Traceback (most recent call last):
  File "/home/airflow/.local/lib/python3.8/site-packages/airflow/models/dagbag.py", line 344, in parse
    loader.exec_module(new_module)
  File "<frozen importlib._bootstrap_external>", line 843, in exec_module
  File "<frozen importlib._bootstrap>", line 219, in _call_with_frames_removed
  File "/opt/airflow/dags/gold_processing.py", line 1, in <module>
    from airflow import dag
ImportError: cannot import name 'dag' from 'airflow' (/home/airflow/.local/lib/python3.8/site-packages/airflow/__init__.py)
[2026-01-23T17:14:53.730+0000] {processor.py:842} WARNING - No viable dags retrieved from /opt/airflow/dags/gold_processing.py
[2026-01-23T17:14:53.822+0000] {processor.py:183} INFO - Processing /opt/airflow/dags/gold_processing.py took 0.137 seconds
[2026-01-23T17:15:24.213+0000] {processor.py:161} INFO - Started process (PID=1388) to work on /opt/airflow/dags/gold_processing.py
[2026-01-23T17:15:24.218+0000] {processor.py:830} INFO - Processing file /opt/airflow/dags/gold_processing.py for tasks to queue
[2026-01-23T17:15:24.222+0000] {logging_mixin.py:188} INFO - [2026-01-23T17:15:24.221+0000] {dagbag.py:538} INFO - Filling up the DagBag from /opt/airflow/dags/gold_processing.py
[2026-01-23T17:15:24.244+0000] {logging_mixin.py:188} INFO - [2026-01-23T17:15:24.240+0000] {dagbag.py:348} ERROR - Failed to import: /opt/airflow/dags/gold_processing.py
Traceback (most recent call last):
  File "/home/airflow/.local/lib/python3.8/site-packages/airflow/models/dagbag.py", line 344, in parse
    loader.exec_module(new_module)
  File "<frozen importlib._bootstrap_external>", line 843, in exec_module
  File "<frozen importlib._bootstrap>", line 219, in _call_with_frames_removed
  File "/opt/airflow/dags/gold_processing.py", line 1, in <module>
    from airflow import dag
ImportError: cannot import name 'dag' from 'airflow' (/home/airflow/.local/lib/python3.8/site-packages/airflow/__init__.py)
[2026-01-23T17:15:24.246+0000] {processor.py:842} WARNING - No viable dags retrieved from /opt/airflow/dags/gold_processing.py
[2026-01-23T17:15:24.359+0000] {processor.py:183} INFO - Processing /opt/airflow/dags/gold_processing.py took 0.164 seconds
[2026-01-23T17:15:54.784+0000] {processor.py:161} INFO - Started process (PID=1411) to work on /opt/airflow/dags/gold_processing.py
[2026-01-23T17:15:54.785+0000] {processor.py:830} INFO - Processing file /opt/airflow/dags/gold_processing.py for tasks to queue
[2026-01-23T17:15:54.786+0000] {logging_mixin.py:188} INFO - [2026-01-23T17:15:54.786+0000] {dagbag.py:538} INFO - Filling up the DagBag from /opt/airflow/dags/gold_processing.py
[2026-01-23T17:15:54.792+0000] {logging_mixin.py:188} INFO - [2026-01-23T17:15:54.791+0000] {dagbag.py:348} ERROR - Failed to import: /opt/airflow/dags/gold_processing.py
Traceback (most recent call last):
  File "/home/airflow/.local/lib/python3.8/site-packages/airflow/models/dagbag.py", line 344, in parse
    loader.exec_module(new_module)
  File "<frozen importlib._bootstrap_external>", line 843, in exec_module
  File "<frozen importlib._bootstrap>", line 219, in _call_with_frames_removed
  File "/opt/airflow/dags/gold_processing.py", line 1, in <module>
    from airflow import dag
ImportError: cannot import name 'dag' from 'airflow' (/home/airflow/.local/lib/python3.8/site-packages/airflow/__init__.py)
[2026-01-23T17:15:54.793+0000] {processor.py:842} WARNING - No viable dags retrieved from /opt/airflow/dags/gold_processing.py
[2026-01-23T17:15:54.825+0000] {processor.py:183} INFO - Processing /opt/airflow/dags/gold_processing.py took 0.044 seconds
[2026-01-23T17:16:25.055+0000] {processor.py:161} INFO - Started process (PID=1427) to work on /opt/airflow/dags/gold_processing.py
[2026-01-23T17:16:25.056+0000] {processor.py:830} INFO - Processing file /opt/airflow/dags/gold_processing.py for tasks to queue
[2026-01-23T17:16:25.057+0000] {logging_mixin.py:188} INFO - [2026-01-23T17:16:25.057+0000] {dagbag.py:538} INFO - Filling up the DagBag from /opt/airflow/dags/gold_processing.py
[2026-01-23T17:16:25.070+0000] {logging_mixin.py:188} INFO - [2026-01-23T17:16:25.068+0000] {dagbag.py:348} ERROR - Failed to import: /opt/airflow/dags/gold_processing.py
Traceback (most recent call last):
  File "/home/airflow/.local/lib/python3.8/site-packages/airflow/models/dagbag.py", line 344, in parse
    loader.exec_module(new_module)
  File "<frozen importlib._bootstrap_external>", line 843, in exec_module
  File "<frozen importlib._bootstrap>", line 219, in _call_with_frames_removed
  File "/opt/airflow/dags/gold_processing.py", line 1, in <module>
    from airflow import dag
ImportError: cannot import name 'dag' from 'airflow' (/home/airflow/.local/lib/python3.8/site-packages/airflow/__init__.py)
[2026-01-23T17:16:25.071+0000] {processor.py:842} WARNING - No viable dags retrieved from /opt/airflow/dags/gold_processing.py
[2026-01-23T17:16:25.111+0000] {processor.py:183} INFO - Processing /opt/airflow/dags/gold_processing.py took 0.061 seconds
[2026-01-23T17:16:55.841+0000] {processor.py:161} INFO - Started process (PID=1460) to work on /opt/airflow/dags/gold_processing.py
[2026-01-23T17:16:55.844+0000] {processor.py:830} INFO - Processing file /opt/airflow/dags/gold_processing.py for tasks to queue
[2026-01-23T17:16:55.850+0000] {logging_mixin.py:188} INFO - [2026-01-23T17:16:55.848+0000] {dagbag.py:538} INFO - Filling up the DagBag from /opt/airflow/dags/gold_processing.py
[2026-01-23T17:16:55.865+0000] {logging_mixin.py:188} INFO - [2026-01-23T17:16:55.860+0000] {dagbag.py:348} ERROR - Failed to import: /opt/airflow/dags/gold_processing.py
Traceback (most recent call last):
  File "/home/airflow/.local/lib/python3.8/site-packages/airflow/models/dagbag.py", line 344, in parse
    loader.exec_module(new_module)
  File "<frozen importlib._bootstrap_external>", line 843, in exec_module
  File "<frozen importlib._bootstrap>", line 219, in _call_with_frames_removed
  File "/opt/airflow/dags/gold_processing.py", line 1, in <module>
    from airflow import dag
ImportError: cannot import name 'dag' from 'airflow' (/home/airflow/.local/lib/python3.8/site-packages/airflow/__init__.py)
[2026-01-23T17:16:55.866+0000] {processor.py:842} WARNING - No viable dags retrieved from /opt/airflow/dags/gold_processing.py
[2026-01-23T17:16:55.902+0000] {processor.py:183} INFO - Processing /opt/airflow/dags/gold_processing.py took 0.068 seconds
[2026-01-23T17:17:26.134+0000] {processor.py:161} INFO - Started process (PID=1481) to work on /opt/airflow/dags/gold_processing.py
[2026-01-23T17:17:26.136+0000] {processor.py:830} INFO - Processing file /opt/airflow/dags/gold_processing.py for tasks to queue
[2026-01-23T17:17:26.137+0000] {logging_mixin.py:188} INFO - [2026-01-23T17:17:26.137+0000] {dagbag.py:538} INFO - Filling up the DagBag from /opt/airflow/dags/gold_processing.py
[2026-01-23T17:17:26.153+0000] {logging_mixin.py:188} INFO - [2026-01-23T17:17:26.151+0000] {dagbag.py:348} ERROR - Failed to import: /opt/airflow/dags/gold_processing.py
Traceback (most recent call last):
  File "/home/airflow/.local/lib/python3.8/site-packages/airflow/models/dagbag.py", line 344, in parse
    loader.exec_module(new_module)
  File "<frozen importlib._bootstrap_external>", line 843, in exec_module
  File "<frozen importlib._bootstrap>", line 219, in _call_with_frames_removed
  File "/opt/airflow/dags/gold_processing.py", line 1, in <module>
    from airflow import dag
ImportError: cannot import name 'dag' from 'airflow' (/home/airflow/.local/lib/python3.8/site-packages/airflow/__init__.py)
[2026-01-23T17:17:26.155+0000] {processor.py:842} WARNING - No viable dags retrieved from /opt/airflow/dags/gold_processing.py
[2026-01-23T17:17:26.216+0000] {processor.py:183} INFO - Processing /opt/airflow/dags/gold_processing.py took 0.089 seconds
[2026-01-23T17:17:56.461+0000] {processor.py:161} INFO - Started process (PID=1494) to work on /opt/airflow/dags/gold_processing.py
[2026-01-23T17:17:56.462+0000] {processor.py:830} INFO - Processing file /opt/airflow/dags/gold_processing.py for tasks to queue
[2026-01-23T17:17:56.463+0000] {logging_mixin.py:188} INFO - [2026-01-23T17:17:56.463+0000] {dagbag.py:538} INFO - Filling up the DagBag from /opt/airflow/dags/gold_processing.py
[2026-01-23T17:17:56.470+0000] {logging_mixin.py:188} INFO - [2026-01-23T17:17:56.469+0000] {dagbag.py:348} ERROR - Failed to import: /opt/airflow/dags/gold_processing.py
Traceback (most recent call last):
  File "/home/airflow/.local/lib/python3.8/site-packages/airflow/models/dagbag.py", line 344, in parse
    loader.exec_module(new_module)
  File "<frozen importlib._bootstrap_external>", line 843, in exec_module
  File "<frozen importlib._bootstrap>", line 219, in _call_with_frames_removed
  File "/opt/airflow/dags/gold_processing.py", line 1, in <module>
    from airflow import dag
ImportError: cannot import name 'dag' from 'airflow' (/home/airflow/.local/lib/python3.8/site-packages/airflow/__init__.py)
[2026-01-23T17:17:56.471+0000] {processor.py:842} WARNING - No viable dags retrieved from /opt/airflow/dags/gold_processing.py
[2026-01-23T17:17:56.502+0000] {processor.py:183} INFO - Processing /opt/airflow/dags/gold_processing.py took 0.045 seconds
[2026-01-23T17:18:26.678+0000] {processor.py:161} INFO - Started process (PID=1517) to work on /opt/airflow/dags/gold_processing.py
[2026-01-23T17:18:26.679+0000] {processor.py:830} INFO - Processing file /opt/airflow/dags/gold_processing.py for tasks to queue
[2026-01-23T17:18:26.680+0000] {logging_mixin.py:188} INFO - [2026-01-23T17:18:26.679+0000] {dagbag.py:538} INFO - Filling up the DagBag from /opt/airflow/dags/gold_processing.py
[2026-01-23T17:18:26.687+0000] {logging_mixin.py:188} INFO - [2026-01-23T17:18:26.685+0000] {dagbag.py:348} ERROR - Failed to import: /opt/airflow/dags/gold_processing.py
Traceback (most recent call last):
  File "/home/airflow/.local/lib/python3.8/site-packages/airflow/models/dagbag.py", line 344, in parse
    loader.exec_module(new_module)
  File "<frozen importlib._bootstrap_external>", line 843, in exec_module
  File "<frozen importlib._bootstrap>", line 219, in _call_with_frames_removed
  File "/opt/airflow/dags/gold_processing.py", line 1, in <module>
    from airflow import dag
ImportError: cannot import name 'dag' from 'airflow' (/home/airflow/.local/lib/python3.8/site-packages/airflow/__init__.py)
[2026-01-23T17:18:26.688+0000] {processor.py:842} WARNING - No viable dags retrieved from /opt/airflow/dags/gold_processing.py
[2026-01-23T17:18:26.721+0000] {processor.py:183} INFO - Processing /opt/airflow/dags/gold_processing.py took 0.047 seconds
[2026-01-23T17:18:30.694+0000] {processor.py:161} INFO - Started process (PID=1534) to work on /opt/airflow/dags/gold_processing.py
[2026-01-23T17:18:30.696+0000] {processor.py:830} INFO - Processing file /opt/airflow/dags/gold_processing.py for tasks to queue
[2026-01-23T17:18:30.697+0000] {logging_mixin.py:188} INFO - [2026-01-23T17:18:30.697+0000] {dagbag.py:538} INFO - Filling up the DagBag from /opt/airflow/dags/gold_processing.py
[2026-01-23T17:18:30.795+0000] {processor.py:840} INFO - DAG(s) 'btc_gold_processing' retrieved from /opt/airflow/dags/gold_processing.py
[2026-01-23T17:18:30.959+0000] {logging_mixin.py:188} INFO - [2026-01-23T17:18:30.957+0000] {override.py:1769} INFO - Created Permission View: can edit on DAG:btc_gold_processing
[2026-01-23T17:18:30.977+0000] {logging_mixin.py:188} INFO - [2026-01-23T17:18:30.977+0000] {override.py:1769} INFO - Created Permission View: can delete on DAG:btc_gold_processing
[2026-01-23T17:18:30.993+0000] {logging_mixin.py:188} INFO - [2026-01-23T17:18:30.992+0000] {override.py:1769} INFO - Created Permission View: can read on DAG:btc_gold_processing
[2026-01-23T17:18:30.994+0000] {logging_mixin.py:188} INFO - [2026-01-23T17:18:30.994+0000] {dag.py:3036} INFO - Sync 1 DAGs
[2026-01-23T17:18:31.017+0000] {logging_mixin.py:188} INFO - [2026-01-23T17:18:31.017+0000] {dag.py:3058} INFO - Creating ORM DAG for btc_gold_processing
[2026-01-23T17:18:31.019+0000] {logging_mixin.py:188} INFO - [2026-01-23T17:18:31.018+0000] {dag.py:3823} INFO - Setting next_dagrun for btc_gold_processing to None, run_after=None
[2026-01-23T17:18:31.050+0000] {processor.py:183} INFO - Processing /opt/airflow/dags/gold_processing.py took 0.360 seconds
[2026-01-23T17:19:01.209+0000] {processor.py:161} INFO - Started process (PID=1557) to work on /opt/airflow/dags/gold_processing.py
[2026-01-23T17:19:01.210+0000] {processor.py:830} INFO - Processing file /opt/airflow/dags/gold_processing.py for tasks to queue
[2026-01-23T17:19:01.211+0000] {logging_mixin.py:188} INFO - [2026-01-23T17:19:01.211+0000] {dagbag.py:538} INFO - Filling up the DagBag from /opt/airflow/dags/gold_processing.py
[2026-01-23T17:19:01.306+0000] {processor.py:840} INFO - DAG(s) 'btc_gold_processing' retrieved from /opt/airflow/dags/gold_processing.py
[2026-01-23T17:19:01.338+0000] {logging_mixin.py:188} INFO - [2026-01-23T17:19:01.338+0000] {dag.py:3036} INFO - Sync 1 DAGs
[2026-01-23T17:19:01.353+0000] {logging_mixin.py:188} INFO - [2026-01-23T17:19:01.352+0000] {dag.py:3823} INFO - Setting next_dagrun for btc_gold_processing to None, run_after=None
[2026-01-23T17:19:01.378+0000] {processor.py:183} INFO - Processing /opt/airflow/dags/gold_processing.py took 0.174 seconds
[2026-01-23T17:19:31.562+0000] {processor.py:161} INFO - Started process (PID=1568) to work on /opt/airflow/dags/gold_processing.py
[2026-01-23T17:19:31.564+0000] {processor.py:830} INFO - Processing file /opt/airflow/dags/gold_processing.py for tasks to queue
[2026-01-23T17:19:31.565+0000] {logging_mixin.py:188} INFO - [2026-01-23T17:19:31.564+0000] {dagbag.py:538} INFO - Filling up the DagBag from /opt/airflow/dags/gold_processing.py
[2026-01-23T17:19:31.677+0000] {processor.py:840} INFO - DAG(s) 'btc_gold_processing' retrieved from /opt/airflow/dags/gold_processing.py
[2026-01-23T17:19:31.713+0000] {logging_mixin.py:188} INFO - [2026-01-23T17:19:31.712+0000] {dag.py:3036} INFO - Sync 1 DAGs
[2026-01-23T17:19:31.741+0000] {logging_mixin.py:188} INFO - [2026-01-23T17:19:31.740+0000] {dag.py:3823} INFO - Setting next_dagrun for btc_gold_processing to None, run_after=None
[2026-01-23T17:19:31.791+0000] {processor.py:183} INFO - Processing /opt/airflow/dags/gold_processing.py took 0.233 seconds
[2026-01-23T17:20:02.024+0000] {processor.py:161} INFO - Started process (PID=1591) to work on /opt/airflow/dags/gold_processing.py
[2026-01-23T17:20:02.026+0000] {processor.py:830} INFO - Processing file /opt/airflow/dags/gold_processing.py for tasks to queue
[2026-01-23T17:20:02.036+0000] {logging_mixin.py:188} INFO - [2026-01-23T17:20:02.029+0000] {dagbag.py:538} INFO - Filling up the DagBag from /opt/airflow/dags/gold_processing.py
[2026-01-23T17:20:02.122+0000] {processor.py:840} INFO - DAG(s) 'btc_gold_processing' retrieved from /opt/airflow/dags/gold_processing.py
[2026-01-23T17:20:02.153+0000] {logging_mixin.py:188} INFO - [2026-01-23T17:20:02.153+0000] {dag.py:3036} INFO - Sync 1 DAGs
[2026-01-23T17:20:02.167+0000] {logging_mixin.py:188} INFO - [2026-01-23T17:20:02.167+0000] {dag.py:3823} INFO - Setting next_dagrun for btc_gold_processing to None, run_after=None
[2026-01-23T17:20:02.194+0000] {processor.py:183} INFO - Processing /opt/airflow/dags/gold_processing.py took 0.174 seconds
[2026-01-23T17:20:32.429+0000] {processor.py:161} INFO - Started process (PID=1614) to work on /opt/airflow/dags/gold_processing.py
[2026-01-23T17:20:32.431+0000] {processor.py:830} INFO - Processing file /opt/airflow/dags/gold_processing.py for tasks to queue
[2026-01-23T17:20:32.432+0000] {logging_mixin.py:188} INFO - [2026-01-23T17:20:32.431+0000] {dagbag.py:538} INFO - Filling up the DagBag from /opt/airflow/dags/gold_processing.py
[2026-01-23T17:20:32.552+0000] {processor.py:840} INFO - DAG(s) 'btc_gold_processing' retrieved from /opt/airflow/dags/gold_processing.py
[2026-01-23T17:20:32.591+0000] {logging_mixin.py:188} INFO - [2026-01-23T17:20:32.591+0000] {dag.py:3036} INFO - Sync 1 DAGs
[2026-01-23T17:20:32.606+0000] {logging_mixin.py:188} INFO - [2026-01-23T17:20:32.606+0000] {dag.py:3823} INFO - Setting next_dagrun for btc_gold_processing to None, run_after=None
[2026-01-23T17:20:32.642+0000] {processor.py:183} INFO - Processing /opt/airflow/dags/gold_processing.py took 0.229 seconds
[2026-01-23T17:21:03.275+0000] {processor.py:161} INFO - Started process (PID=1637) to work on /opt/airflow/dags/gold_processing.py
[2026-01-23T17:21:03.276+0000] {processor.py:830} INFO - Processing file /opt/airflow/dags/gold_processing.py for tasks to queue
[2026-01-23T17:21:03.277+0000] {logging_mixin.py:188} INFO - [2026-01-23T17:21:03.277+0000] {dagbag.py:538} INFO - Filling up the DagBag from /opt/airflow/dags/gold_processing.py
[2026-01-23T17:21:03.371+0000] {processor.py:840} INFO - DAG(s) 'btc_gold_processing' retrieved from /opt/airflow/dags/gold_processing.py
[2026-01-23T17:21:03.407+0000] {logging_mixin.py:188} INFO - [2026-01-23T17:21:03.407+0000] {dag.py:3036} INFO - Sync 1 DAGs
[2026-01-23T17:21:03.422+0000] {logging_mixin.py:188} INFO - [2026-01-23T17:21:03.422+0000] {dag.py:3823} INFO - Setting next_dagrun for btc_gold_processing to None, run_after=None
[2026-01-23T17:21:03.449+0000] {processor.py:183} INFO - Processing /opt/airflow/dags/gold_processing.py took 0.178 seconds
[2026-01-23T17:21:33.596+0000] {processor.py:161} INFO - Started process (PID=1660) to work on /opt/airflow/dags/gold_processing.py
[2026-01-23T17:21:33.597+0000] {processor.py:830} INFO - Processing file /opt/airflow/dags/gold_processing.py for tasks to queue
[2026-01-23T17:21:33.598+0000] {logging_mixin.py:188} INFO - [2026-01-23T17:21:33.598+0000] {dagbag.py:538} INFO - Filling up the DagBag from /opt/airflow/dags/gold_processing.py
[2026-01-23T17:21:33.688+0000] {processor.py:840} INFO - DAG(s) 'btc_gold_processing' retrieved from /opt/airflow/dags/gold_processing.py
[2026-01-23T17:21:33.719+0000] {logging_mixin.py:188} INFO - [2026-01-23T17:21:33.719+0000] {dag.py:3036} INFO - Sync 1 DAGs
[2026-01-23T17:21:33.744+0000] {logging_mixin.py:188} INFO - [2026-01-23T17:21:33.743+0000] {dag.py:3823} INFO - Setting next_dagrun for btc_gold_processing to None, run_after=None
[2026-01-23T17:21:33.770+0000] {processor.py:183} INFO - Processing /opt/airflow/dags/gold_processing.py took 0.178 seconds
[2026-01-23T17:22:04.029+0000] {processor.py:161} INFO - Started process (PID=1683) to work on /opt/airflow/dags/gold_processing.py
[2026-01-23T17:22:04.031+0000] {processor.py:830} INFO - Processing file /opt/airflow/dags/gold_processing.py for tasks to queue
[2026-01-23T17:22:04.032+0000] {logging_mixin.py:188} INFO - [2026-01-23T17:22:04.031+0000] {dagbag.py:538} INFO - Filling up the DagBag from /opt/airflow/dags/gold_processing.py
[2026-01-23T17:22:04.117+0000] {processor.py:840} INFO - DAG(s) 'btc_gold_processing' retrieved from /opt/airflow/dags/gold_processing.py
[2026-01-23T17:22:04.149+0000] {logging_mixin.py:188} INFO - [2026-01-23T17:22:04.149+0000] {dag.py:3036} INFO - Sync 1 DAGs
[2026-01-23T17:22:04.177+0000] {logging_mixin.py:188} INFO - [2026-01-23T17:22:04.176+0000] {dag.py:3823} INFO - Setting next_dagrun for btc_gold_processing to None, run_after=None
[2026-01-23T17:22:04.203+0000] {processor.py:183} INFO - Processing /opt/airflow/dags/gold_processing.py took 0.178 seconds
[2026-01-23T17:22:35.082+0000] {processor.py:161} INFO - Started process (PID=1706) to work on /opt/airflow/dags/gold_processing.py
[2026-01-23T17:22:35.083+0000] {processor.py:830} INFO - Processing file /opt/airflow/dags/gold_processing.py for tasks to queue
[2026-01-23T17:22:35.085+0000] {logging_mixin.py:188} INFO - [2026-01-23T17:22:35.084+0000] {dagbag.py:538} INFO - Filling up the DagBag from /opt/airflow/dags/gold_processing.py
[2026-01-23T17:22:35.198+0000] {processor.py:840} INFO - DAG(s) 'btc_gold_processing' retrieved from /opt/airflow/dags/gold_processing.py
[2026-01-23T17:22:35.244+0000] {logging_mixin.py:188} INFO - [2026-01-23T17:22:35.244+0000] {dag.py:3036} INFO - Sync 1 DAGs
[2026-01-23T17:22:35.269+0000] {logging_mixin.py:188} INFO - [2026-01-23T17:22:35.269+0000] {dag.py:3823} INFO - Setting next_dagrun for btc_gold_processing to None, run_after=None
[2026-01-23T17:22:35.310+0000] {processor.py:183} INFO - Processing /opt/airflow/dags/gold_processing.py took 0.232 seconds
[2026-01-23T17:23:05.535+0000] {processor.py:161} INFO - Started process (PID=1729) to work on /opt/airflow/dags/gold_processing.py
[2026-01-23T17:23:05.536+0000] {processor.py:830} INFO - Processing file /opt/airflow/dags/gold_processing.py for tasks to queue
[2026-01-23T17:23:05.537+0000] {logging_mixin.py:188} INFO - [2026-01-23T17:23:05.537+0000] {dagbag.py:538} INFO - Filling up the DagBag from /opt/airflow/dags/gold_processing.py
[2026-01-23T17:23:05.627+0000] {processor.py:840} INFO - DAG(s) 'btc_gold_processing' retrieved from /opt/airflow/dags/gold_processing.py
[2026-01-23T17:23:05.661+0000] {logging_mixin.py:188} INFO - [2026-01-23T17:23:05.661+0000] {dag.py:3036} INFO - Sync 1 DAGs
[2026-01-23T17:23:05.677+0000] {logging_mixin.py:188} INFO - [2026-01-23T17:23:05.677+0000] {dag.py:3823} INFO - Setting next_dagrun for btc_gold_processing to None, run_after=None
[2026-01-23T17:23:05.713+0000] {processor.py:183} INFO - Processing /opt/airflow/dags/gold_processing.py took 0.182 seconds
[2026-01-23T17:23:36.601+0000] {processor.py:161} INFO - Started process (PID=1752) to work on /opt/airflow/dags/gold_processing.py
[2026-01-23T17:23:36.602+0000] {processor.py:830} INFO - Processing file /opt/airflow/dags/gold_processing.py for tasks to queue
[2026-01-23T17:23:36.603+0000] {logging_mixin.py:188} INFO - [2026-01-23T17:23:36.603+0000] {dagbag.py:538} INFO - Filling up the DagBag from /opt/airflow/dags/gold_processing.py
[2026-01-23T17:23:36.715+0000] {processor.py:840} INFO - DAG(s) 'btc_gold_processing' retrieved from /opt/airflow/dags/gold_processing.py
[2026-01-23T17:23:36.755+0000] {logging_mixin.py:188} INFO - [2026-01-23T17:23:36.755+0000] {dag.py:3036} INFO - Sync 1 DAGs
[2026-01-23T17:23:36.771+0000] {logging_mixin.py:188} INFO - [2026-01-23T17:23:36.771+0000] {dag.py:3823} INFO - Setting next_dagrun for btc_gold_processing to None, run_after=None
[2026-01-23T17:23:36.798+0000] {processor.py:183} INFO - Processing /opt/airflow/dags/gold_processing.py took 0.201 seconds
[2026-01-23T17:24:07.017+0000] {processor.py:161} INFO - Started process (PID=1775) to work on /opt/airflow/dags/gold_processing.py
[2026-01-23T17:24:07.018+0000] {processor.py:830} INFO - Processing file /opt/airflow/dags/gold_processing.py for tasks to queue
[2026-01-23T17:24:07.020+0000] {logging_mixin.py:188} INFO - [2026-01-23T17:24:07.019+0000] {dagbag.py:538} INFO - Filling up the DagBag from /opt/airflow/dags/gold_processing.py
[2026-01-23T17:24:07.120+0000] {processor.py:840} INFO - DAG(s) 'btc_gold_processing' retrieved from /opt/airflow/dags/gold_processing.py
[2026-01-23T17:24:07.152+0000] {logging_mixin.py:188} INFO - [2026-01-23T17:24:07.151+0000] {dag.py:3036} INFO - Sync 1 DAGs
[2026-01-23T17:24:07.166+0000] {logging_mixin.py:188} INFO - [2026-01-23T17:24:07.166+0000] {dag.py:3823} INFO - Setting next_dagrun for btc_gold_processing to None, run_after=None
[2026-01-23T17:24:07.194+0000] {processor.py:183} INFO - Processing /opt/airflow/dags/gold_processing.py took 0.181 seconds
[2026-01-23T17:24:37.553+0000] {processor.py:161} INFO - Started process (PID=1798) to work on /opt/airflow/dags/gold_processing.py
[2026-01-23T17:24:37.554+0000] {processor.py:830} INFO - Processing file /opt/airflow/dags/gold_processing.py for tasks to queue
[2026-01-23T17:24:37.556+0000] {logging_mixin.py:188} INFO - [2026-01-23T17:24:37.555+0000] {dagbag.py:538} INFO - Filling up the DagBag from /opt/airflow/dags/gold_processing.py
[2026-01-23T17:24:37.653+0000] {processor.py:840} INFO - DAG(s) 'btc_gold_processing' retrieved from /opt/airflow/dags/gold_processing.py
[2026-01-23T17:24:37.697+0000] {logging_mixin.py:188} INFO - [2026-01-23T17:24:37.696+0000] {dag.py:3036} INFO - Sync 1 DAGs
[2026-01-23T17:24:37.717+0000] {logging_mixin.py:188} INFO - [2026-01-23T17:24:37.717+0000] {dag.py:3823} INFO - Setting next_dagrun for btc_gold_processing to None, run_after=None
[2026-01-23T17:24:37.754+0000] {processor.py:183} INFO - Processing /opt/airflow/dags/gold_processing.py took 0.206 seconds
[2026-01-23T17:25:08.042+0000] {processor.py:161} INFO - Started process (PID=1821) to work on /opt/airflow/dags/gold_processing.py
[2026-01-23T17:25:08.044+0000] {processor.py:830} INFO - Processing file /opt/airflow/dags/gold_processing.py for tasks to queue
[2026-01-23T17:25:08.046+0000] {logging_mixin.py:188} INFO - [2026-01-23T17:25:08.045+0000] {dagbag.py:538} INFO - Filling up the DagBag from /opt/airflow/dags/gold_processing.py
[2026-01-23T17:25:08.152+0000] {processor.py:840} INFO - DAG(s) 'btc_gold_processing' retrieved from /opt/airflow/dags/gold_processing.py
[2026-01-23T17:25:08.187+0000] {logging_mixin.py:188} INFO - [2026-01-23T17:25:08.186+0000] {dag.py:3036} INFO - Sync 1 DAGs
[2026-01-23T17:25:08.203+0000] {logging_mixin.py:188} INFO - [2026-01-23T17:25:08.203+0000] {dag.py:3823} INFO - Setting next_dagrun for btc_gold_processing to None, run_after=None
[2026-01-23T17:25:08.233+0000] {processor.py:183} INFO - Processing /opt/airflow/dags/gold_processing.py took 0.195 seconds
[2026-01-23T17:25:38.295+0000] {processor.py:161} INFO - Started process (PID=1844) to work on /opt/airflow/dags/gold_processing.py
[2026-01-23T17:25:38.296+0000] {processor.py:830} INFO - Processing file /opt/airflow/dags/gold_processing.py for tasks to queue
[2026-01-23T17:25:38.297+0000] {logging_mixin.py:188} INFO - [2026-01-23T17:25:38.297+0000] {dagbag.py:538} INFO - Filling up the DagBag from /opt/airflow/dags/gold_processing.py
[2026-01-23T17:25:38.391+0000] {processor.py:840} INFO - DAG(s) 'btc_gold_processing' retrieved from /opt/airflow/dags/gold_processing.py
[2026-01-23T17:25:38.426+0000] {logging_mixin.py:188} INFO - [2026-01-23T17:25:38.425+0000] {dag.py:3036} INFO - Sync 1 DAGs
[2026-01-23T17:25:38.447+0000] {logging_mixin.py:188} INFO - [2026-01-23T17:25:38.446+0000] {dag.py:3823} INFO - Setting next_dagrun for btc_gold_processing to None, run_after=None
[2026-01-23T17:25:38.476+0000] {processor.py:183} INFO - Processing /opt/airflow/dags/gold_processing.py took 0.186 seconds
[2026-01-23T17:26:08.745+0000] {processor.py:161} INFO - Started process (PID=1867) to work on /opt/airflow/dags/gold_processing.py
[2026-01-23T17:26:08.746+0000] {processor.py:830} INFO - Processing file /opt/airflow/dags/gold_processing.py for tasks to queue
[2026-01-23T17:26:08.748+0000] {logging_mixin.py:188} INFO - [2026-01-23T17:26:08.747+0000] {dagbag.py:538} INFO - Filling up the DagBag from /opt/airflow/dags/gold_processing.py
[2026-01-23T17:26:08.839+0000] {processor.py:840} INFO - DAG(s) 'btc_gold_processing' retrieved from /opt/airflow/dags/gold_processing.py
[2026-01-23T17:26:08.876+0000] {logging_mixin.py:188} INFO - [2026-01-23T17:26:08.875+0000] {dag.py:3036} INFO - Sync 1 DAGs
[2026-01-23T17:26:08.907+0000] {logging_mixin.py:188} INFO - [2026-01-23T17:26:08.906+0000] {dag.py:3823} INFO - Setting next_dagrun for btc_gold_processing to None, run_after=None
[2026-01-23T17:26:08.939+0000] {processor.py:183} INFO - Processing /opt/airflow/dags/gold_processing.py took 0.199 seconds
[2026-01-23T17:26:39.141+0000] {processor.py:161} INFO - Started process (PID=1890) to work on /opt/airflow/dags/gold_processing.py
[2026-01-23T17:26:39.143+0000] {processor.py:830} INFO - Processing file /opt/airflow/dags/gold_processing.py for tasks to queue
[2026-01-23T17:26:39.144+0000] {logging_mixin.py:188} INFO - [2026-01-23T17:26:39.144+0000] {dagbag.py:538} INFO - Filling up the DagBag from /opt/airflow/dags/gold_processing.py
[2026-01-23T17:26:39.239+0000] {processor.py:840} INFO - DAG(s) 'btc_gold_processing' retrieved from /opt/airflow/dags/gold_processing.py
[2026-01-23T17:26:39.289+0000] {logging_mixin.py:188} INFO - [2026-01-23T17:26:39.289+0000] {dag.py:3036} INFO - Sync 1 DAGs
[2026-01-23T17:26:39.309+0000] {logging_mixin.py:188} INFO - [2026-01-23T17:26:39.308+0000] {dag.py:3823} INFO - Setting next_dagrun for btc_gold_processing to None, run_after=None
[2026-01-23T17:26:39.341+0000] {processor.py:183} INFO - Processing /opt/airflow/dags/gold_processing.py took 0.203 seconds
[2026-01-23T17:27:09.407+0000] {processor.py:161} INFO - Started process (PID=1913) to work on /opt/airflow/dags/gold_processing.py
[2026-01-23T17:27:09.408+0000] {processor.py:830} INFO - Processing file /opt/airflow/dags/gold_processing.py for tasks to queue
[2026-01-23T17:27:09.423+0000] {logging_mixin.py:188} INFO - [2026-01-23T17:27:09.411+0000] {dagbag.py:538} INFO - Filling up the DagBag from /opt/airflow/dags/gold_processing.py
[2026-01-23T17:27:09.522+0000] {processor.py:840} INFO - DAG(s) 'btc_gold_processing' retrieved from /opt/airflow/dags/gold_processing.py
[2026-01-23T17:27:09.556+0000] {logging_mixin.py:188} INFO - [2026-01-23T17:27:09.555+0000] {dag.py:3036} INFO - Sync 1 DAGs
[2026-01-23T17:27:09.572+0000] {logging_mixin.py:188} INFO - [2026-01-23T17:27:09.572+0000] {dag.py:3823} INFO - Setting next_dagrun for btc_gold_processing to None, run_after=None
[2026-01-23T17:27:09.608+0000] {processor.py:183} INFO - Processing /opt/airflow/dags/gold_processing.py took 0.205 seconds
[2026-01-23T17:27:39.884+0000] {processor.py:161} INFO - Started process (PID=1936) to work on /opt/airflow/dags/gold_processing.py
[2026-01-23T17:27:39.885+0000] {processor.py:830} INFO - Processing file /opt/airflow/dags/gold_processing.py for tasks to queue
[2026-01-23T17:27:39.886+0000] {logging_mixin.py:188} INFO - [2026-01-23T17:27:39.886+0000] {dagbag.py:538} INFO - Filling up the DagBag from /opt/airflow/dags/gold_processing.py
[2026-01-23T17:27:39.984+0000] {processor.py:840} INFO - DAG(s) 'btc_gold_processing' retrieved from /opt/airflow/dags/gold_processing.py
[2026-01-23T17:27:40.018+0000] {logging_mixin.py:188} INFO - [2026-01-23T17:27:40.018+0000] {dag.py:3036} INFO - Sync 1 DAGs
[2026-01-23T17:27:40.035+0000] {logging_mixin.py:188} INFO - [2026-01-23T17:27:40.035+0000] {dag.py:3823} INFO - Setting next_dagrun for btc_gold_processing to None, run_after=None
[2026-01-23T17:27:40.077+0000] {processor.py:183} INFO - Processing /opt/airflow/dags/gold_processing.py took 0.198 seconds
[2026-01-23T17:28:10.193+0000] {processor.py:161} INFO - Started process (PID=1959) to work on /opt/airflow/dags/gold_processing.py
[2026-01-23T17:28:10.195+0000] {processor.py:830} INFO - Processing file /opt/airflow/dags/gold_processing.py for tasks to queue
[2026-01-23T17:28:10.196+0000] {logging_mixin.py:188} INFO - [2026-01-23T17:28:10.195+0000] {dagbag.py:538} INFO - Filling up the DagBag from /opt/airflow/dags/gold_processing.py
[2026-01-23T17:28:10.300+0000] {processor.py:840} INFO - DAG(s) 'btc_gold_processing' retrieved from /opt/airflow/dags/gold_processing.py
[2026-01-23T17:28:10.331+0000] {logging_mixin.py:188} INFO - [2026-01-23T17:28:10.330+0000] {dag.py:3036} INFO - Sync 1 DAGs
[2026-01-23T17:28:10.345+0000] {logging_mixin.py:188} INFO - [2026-01-23T17:28:10.345+0000] {dag.py:3823} INFO - Setting next_dagrun for btc_gold_processing to None, run_after=None
[2026-01-23T17:28:10.369+0000] {processor.py:183} INFO - Processing /opt/airflow/dags/gold_processing.py took 0.180 seconds
