[2026-01-23T16:49:30.478+0000] {processor.py:161} INFO - Started process (PID=225) to work on /opt/airflow/dags/ml_training.py
[2026-01-23T16:49:30.481+0000] {processor.py:830} INFO - Processing file /opt/airflow/dags/ml_training.py for tasks to queue
[2026-01-23T16:49:30.482+0000] {logging_mixin.py:188} INFO - [2026-01-23T16:49:30.482+0000] {dagbag.py:538} INFO - Filling up the DagBag from /opt/airflow/dags/ml_training.py
[2026-01-23T16:49:30.763+0000] {logging_mixin.py:188} INFO - [2026-01-23T16:49:30.761+0000] {dagbag.py:348} ERROR - Failed to import: /opt/airflow/dags/ml_training.py
Traceback (most recent call last):
  File "/home/airflow/.local/lib/python3.8/site-packages/airflow/models/dagbag.py", line 344, in parse
    loader.exec_module(new_module)
  File "<frozen importlib._bootstrap_external>", line 843, in exec_module
  File "<frozen importlib._bootstrap>", line 219, in _call_with_frames_removed
  File "/opt/airflow/dags/ml_training.py", line 6, in <module>
    from sklearn.ensemble import RandomForestRegressor
ModuleNotFoundError: No module named 'sklearn'
[2026-01-23T16:49:30.764+0000] {processor.py:842} WARNING - No viable dags retrieved from /opt/airflow/dags/ml_training.py
[2026-01-23T16:49:30.801+0000] {processor.py:183} INFO - Processing /opt/airflow/dags/ml_training.py took 0.330 seconds
[2026-01-23T16:50:01.091+0000] {processor.py:161} INFO - Started process (PID=235) to work on /opt/airflow/dags/ml_training.py
[2026-01-23T16:50:01.094+0000] {processor.py:830} INFO - Processing file /opt/airflow/dags/ml_training.py for tasks to queue
[2026-01-23T16:50:01.096+0000] {logging_mixin.py:188} INFO - [2026-01-23T16:50:01.095+0000] {dagbag.py:538} INFO - Filling up the DagBag from /opt/airflow/dags/ml_training.py
[2026-01-23T16:50:01.243+0000] {logging_mixin.py:188} INFO - [2026-01-23T16:50:01.240+0000] {dagbag.py:348} ERROR - Failed to import: /opt/airflow/dags/ml_training.py
Traceback (most recent call last):
  File "/home/airflow/.local/lib/python3.8/site-packages/airflow/models/dagbag.py", line 344, in parse
    loader.exec_module(new_module)
  File "<frozen importlib._bootstrap_external>", line 843, in exec_module
  File "<frozen importlib._bootstrap>", line 219, in _call_with_frames_removed
  File "/opt/airflow/dags/ml_training.py", line 6, in <module>
    from sklearn.ensemble import RandomForestRegressor
ModuleNotFoundError: No module named 'sklearn'
[2026-01-23T16:50:01.244+0000] {processor.py:842} WARNING - No viable dags retrieved from /opt/airflow/dags/ml_training.py
[2026-01-23T16:50:01.275+0000] {processor.py:183} INFO - Processing /opt/airflow/dags/ml_training.py took 0.193 seconds
[2026-01-23T16:50:31.511+0000] {processor.py:161} INFO - Started process (PID=251) to work on /opt/airflow/dags/ml_training.py
[2026-01-23T16:50:31.527+0000] {processor.py:830} INFO - Processing file /opt/airflow/dags/ml_training.py for tasks to queue
[2026-01-23T16:50:31.532+0000] {logging_mixin.py:188} INFO - [2026-01-23T16:50:31.531+0000] {dagbag.py:538} INFO - Filling up the DagBag from /opt/airflow/dags/ml_training.py
[2026-01-23T16:50:31.707+0000] {logging_mixin.py:188} INFO - [2026-01-23T16:50:31.704+0000] {dagbag.py:348} ERROR - Failed to import: /opt/airflow/dags/ml_training.py
Traceback (most recent call last):
  File "/home/airflow/.local/lib/python3.8/site-packages/airflow/models/dagbag.py", line 344, in parse
    loader.exec_module(new_module)
  File "<frozen importlib._bootstrap_external>", line 843, in exec_module
  File "<frozen importlib._bootstrap>", line 219, in _call_with_frames_removed
  File "/opt/airflow/dags/ml_training.py", line 6, in <module>
    from sklearn.ensemble import RandomForestRegressor
ModuleNotFoundError: No module named 'sklearn'
[2026-01-23T16:50:31.708+0000] {processor.py:842} WARNING - No viable dags retrieved from /opt/airflow/dags/ml_training.py
[2026-01-23T16:50:31.758+0000] {processor.py:183} INFO - Processing /opt/airflow/dags/ml_training.py took 0.255 seconds
[2026-01-23T16:51:02.048+0000] {processor.py:161} INFO - Started process (PID=272) to work on /opt/airflow/dags/ml_training.py
[2026-01-23T16:51:02.050+0000] {processor.py:830} INFO - Processing file /opt/airflow/dags/ml_training.py for tasks to queue
[2026-01-23T16:51:02.052+0000] {logging_mixin.py:188} INFO - [2026-01-23T16:51:02.051+0000] {dagbag.py:538} INFO - Filling up the DagBag from /opt/airflow/dags/ml_training.py
[2026-01-23T16:51:02.143+0000] {logging_mixin.py:188} INFO - [2026-01-23T16:51:02.141+0000] {dagbag.py:348} ERROR - Failed to import: /opt/airflow/dags/ml_training.py
Traceback (most recent call last):
  File "/home/airflow/.local/lib/python3.8/site-packages/airflow/models/dagbag.py", line 344, in parse
    loader.exec_module(new_module)
  File "<frozen importlib._bootstrap_external>", line 843, in exec_module
  File "<frozen importlib._bootstrap>", line 219, in _call_with_frames_removed
  File "/opt/airflow/dags/ml_training.py", line 6, in <module>
    from sklearn.ensemble import RandomForestRegressor
ModuleNotFoundError: No module named 'sklearn'
[2026-01-23T16:51:02.144+0000] {processor.py:842} WARNING - No viable dags retrieved from /opt/airflow/dags/ml_training.py
[2026-01-23T16:51:02.183+0000] {processor.py:183} INFO - Processing /opt/airflow/dags/ml_training.py took 0.140 seconds
[2026-01-23T16:51:32.300+0000] {processor.py:161} INFO - Started process (PID=310) to work on /opt/airflow/dags/ml_training.py
[2026-01-23T16:51:32.302+0000] {processor.py:830} INFO - Processing file /opt/airflow/dags/ml_training.py for tasks to queue
[2026-01-23T16:51:32.304+0000] {logging_mixin.py:188} INFO - [2026-01-23T16:51:32.303+0000] {dagbag.py:538} INFO - Filling up the DagBag from /opt/airflow/dags/ml_training.py
[2026-01-23T16:51:32.436+0000] {logging_mixin.py:188} INFO - [2026-01-23T16:51:32.433+0000] {dagbag.py:348} ERROR - Failed to import: /opt/airflow/dags/ml_training.py
Traceback (most recent call last):
  File "/home/airflow/.local/lib/python3.8/site-packages/airflow/models/dagbag.py", line 344, in parse
    loader.exec_module(new_module)
  File "<frozen importlib._bootstrap_external>", line 843, in exec_module
  File "<frozen importlib._bootstrap>", line 219, in _call_with_frames_removed
  File "/opt/airflow/dags/ml_training.py", line 6, in <module>
    from sklearn.ensemble import RandomForestRegressor
ModuleNotFoundError: No module named 'sklearn'
[2026-01-23T16:51:32.437+0000] {processor.py:842} WARNING - No viable dags retrieved from /opt/airflow/dags/ml_training.py
[2026-01-23T16:51:32.487+0000] {processor.py:183} INFO - Processing /opt/airflow/dags/ml_training.py took 0.192 seconds
[2026-01-23T16:52:03.011+0000] {processor.py:161} INFO - Started process (PID=338) to work on /opt/airflow/dags/ml_training.py
[2026-01-23T16:52:03.016+0000] {processor.py:830} INFO - Processing file /opt/airflow/dags/ml_training.py for tasks to queue
[2026-01-23T16:52:03.018+0000] {logging_mixin.py:188} INFO - [2026-01-23T16:52:03.017+0000] {dagbag.py:538} INFO - Filling up the DagBag from /opt/airflow/dags/ml_training.py
[2026-01-23T16:52:03.167+0000] {logging_mixin.py:188} INFO - [2026-01-23T16:52:03.165+0000] {dagbag.py:348} ERROR - Failed to import: /opt/airflow/dags/ml_training.py
Traceback (most recent call last):
  File "/home/airflow/.local/lib/python3.8/site-packages/airflow/models/dagbag.py", line 344, in parse
    loader.exec_module(new_module)
  File "<frozen importlib._bootstrap_external>", line 843, in exec_module
  File "<frozen importlib._bootstrap>", line 219, in _call_with_frames_removed
  File "/opt/airflow/dags/ml_training.py", line 6, in <module>
    from sklearn.ensemble import RandomForestRegressor
ModuleNotFoundError: No module named 'sklearn'
[2026-01-23T16:52:03.169+0000] {processor.py:842} WARNING - No viable dags retrieved from /opt/airflow/dags/ml_training.py
[2026-01-23T16:52:03.205+0000] {processor.py:183} INFO - Processing /opt/airflow/dags/ml_training.py took 0.206 seconds
[2026-01-23T16:52:33.311+0000] {processor.py:161} INFO - Started process (PID=374) to work on /opt/airflow/dags/ml_training.py
[2026-01-23T16:52:33.313+0000] {processor.py:830} INFO - Processing file /opt/airflow/dags/ml_training.py for tasks to queue
[2026-01-23T16:52:33.314+0000] {logging_mixin.py:188} INFO - [2026-01-23T16:52:33.314+0000] {dagbag.py:538} INFO - Filling up the DagBag from /opt/airflow/dags/ml_training.py
[2026-01-23T16:52:33.443+0000] {logging_mixin.py:188} INFO - [2026-01-23T16:52:33.441+0000] {dagbag.py:348} ERROR - Failed to import: /opt/airflow/dags/ml_training.py
Traceback (most recent call last):
  File "/home/airflow/.local/lib/python3.8/site-packages/airflow/models/dagbag.py", line 344, in parse
    loader.exec_module(new_module)
  File "<frozen importlib._bootstrap_external>", line 843, in exec_module
  File "<frozen importlib._bootstrap>", line 219, in _call_with_frames_removed
  File "/opt/airflow/dags/ml_training.py", line 6, in <module>
    from sklearn.ensemble import RandomForestRegressor
ModuleNotFoundError: No module named 'sklearn'
[2026-01-23T16:52:33.443+0000] {processor.py:842} WARNING - No viable dags retrieved from /opt/airflow/dags/ml_training.py
[2026-01-23T16:52:33.480+0000] {processor.py:183} INFO - Processing /opt/airflow/dags/ml_training.py took 0.174 seconds
[2026-01-23T16:53:03.722+0000] {processor.py:161} INFO - Started process (PID=425) to work on /opt/airflow/dags/ml_training.py
[2026-01-23T16:53:03.724+0000] {processor.py:830} INFO - Processing file /opt/airflow/dags/ml_training.py for tasks to queue
[2026-01-23T16:53:03.727+0000] {logging_mixin.py:188} INFO - [2026-01-23T16:53:03.726+0000] {dagbag.py:538} INFO - Filling up the DagBag from /opt/airflow/dags/ml_training.py
[2026-01-23T16:53:03.836+0000] {logging_mixin.py:188} INFO - [2026-01-23T16:53:03.835+0000] {dagbag.py:348} ERROR - Failed to import: /opt/airflow/dags/ml_training.py
Traceback (most recent call last):
  File "/home/airflow/.local/lib/python3.8/site-packages/airflow/models/dagbag.py", line 344, in parse
    loader.exec_module(new_module)
  File "<frozen importlib._bootstrap_external>", line 843, in exec_module
  File "<frozen importlib._bootstrap>", line 219, in _call_with_frames_removed
  File "/opt/airflow/dags/ml_training.py", line 6, in <module>
    from sklearn.ensemble import RandomForestRegressor
ModuleNotFoundError: No module named 'sklearn'
[2026-01-23T16:53:03.837+0000] {processor.py:842} WARNING - No viable dags retrieved from /opt/airflow/dags/ml_training.py
[2026-01-23T16:53:03.866+0000] {processor.py:183} INFO - Processing /opt/airflow/dags/ml_training.py took 0.149 seconds
[2026-01-23T16:53:33.936+0000] {processor.py:161} INFO - Started process (PID=441) to work on /opt/airflow/dags/ml_training.py
[2026-01-23T16:53:33.939+0000] {processor.py:830} INFO - Processing file /opt/airflow/dags/ml_training.py for tasks to queue
[2026-01-23T16:53:33.941+0000] {logging_mixin.py:188} INFO - [2026-01-23T16:53:33.941+0000] {dagbag.py:538} INFO - Filling up the DagBag from /opt/airflow/dags/ml_training.py
[2026-01-23T16:53:34.041+0000] {logging_mixin.py:188} INFO - [2026-01-23T16:53:34.040+0000] {dagbag.py:348} ERROR - Failed to import: /opt/airflow/dags/ml_training.py
Traceback (most recent call last):
  File "/home/airflow/.local/lib/python3.8/site-packages/airflow/models/dagbag.py", line 344, in parse
    loader.exec_module(new_module)
  File "<frozen importlib._bootstrap_external>", line 843, in exec_module
  File "<frozen importlib._bootstrap>", line 219, in _call_with_frames_removed
  File "/opt/airflow/dags/ml_training.py", line 6, in <module>
    from sklearn.ensemble import RandomForestRegressor
ModuleNotFoundError: No module named 'sklearn'
[2026-01-23T16:53:34.042+0000] {processor.py:842} WARNING - No viable dags retrieved from /opt/airflow/dags/ml_training.py
[2026-01-23T16:53:34.073+0000] {processor.py:183} INFO - Processing /opt/airflow/dags/ml_training.py took 0.142 seconds
[2026-01-23T16:54:04.293+0000] {processor.py:161} INFO - Started process (PID=457) to work on /opt/airflow/dags/ml_training.py
[2026-01-23T16:54:04.297+0000] {processor.py:830} INFO - Processing file /opt/airflow/dags/ml_training.py for tasks to queue
[2026-01-23T16:54:04.302+0000] {logging_mixin.py:188} INFO - [2026-01-23T16:54:04.299+0000] {dagbag.py:538} INFO - Filling up the DagBag from /opt/airflow/dags/ml_training.py
[2026-01-23T16:54:04.445+0000] {logging_mixin.py:188} INFO - [2026-01-23T16:54:04.443+0000] {dagbag.py:348} ERROR - Failed to import: /opt/airflow/dags/ml_training.py
Traceback (most recent call last):
  File "/home/airflow/.local/lib/python3.8/site-packages/airflow/models/dagbag.py", line 344, in parse
    loader.exec_module(new_module)
  File "<frozen importlib._bootstrap_external>", line 843, in exec_module
  File "<frozen importlib._bootstrap>", line 219, in _call_with_frames_removed
  File "/opt/airflow/dags/ml_training.py", line 6, in <module>
    from sklearn.ensemble import RandomForestRegressor
ModuleNotFoundError: No module named 'sklearn'
[2026-01-23T16:54:04.446+0000] {processor.py:842} WARNING - No viable dags retrieved from /opt/airflow/dags/ml_training.py
[2026-01-23T16:54:04.475+0000] {processor.py:183} INFO - Processing /opt/airflow/dags/ml_training.py took 0.194 seconds
[2026-01-23T16:54:34.669+0000] {processor.py:161} INFO - Started process (PID=473) to work on /opt/airflow/dags/ml_training.py
[2026-01-23T16:54:34.673+0000] {processor.py:830} INFO - Processing file /opt/airflow/dags/ml_training.py for tasks to queue
[2026-01-23T16:54:34.675+0000] {logging_mixin.py:188} INFO - [2026-01-23T16:54:34.674+0000] {dagbag.py:538} INFO - Filling up the DagBag from /opt/airflow/dags/ml_training.py
[2026-01-23T16:54:34.807+0000] {logging_mixin.py:188} INFO - [2026-01-23T16:54:34.805+0000] {dagbag.py:348} ERROR - Failed to import: /opt/airflow/dags/ml_training.py
Traceback (most recent call last):
  File "/home/airflow/.local/lib/python3.8/site-packages/airflow/models/dagbag.py", line 344, in parse
    loader.exec_module(new_module)
  File "<frozen importlib._bootstrap_external>", line 843, in exec_module
  File "<frozen importlib._bootstrap>", line 219, in _call_with_frames_removed
  File "/opt/airflow/dags/ml_training.py", line 6, in <module>
    from sklearn.ensemble import RandomForestRegressor
ModuleNotFoundError: No module named 'sklearn'
[2026-01-23T16:54:34.808+0000] {processor.py:842} WARNING - No viable dags retrieved from /opt/airflow/dags/ml_training.py
[2026-01-23T16:54:34.838+0000] {processor.py:183} INFO - Processing /opt/airflow/dags/ml_training.py took 0.177 seconds
[2026-01-23T16:55:04.988+0000] {processor.py:161} INFO - Started process (PID=507) to work on /opt/airflow/dags/ml_training.py
[2026-01-23T16:55:04.990+0000] {processor.py:830} INFO - Processing file /opt/airflow/dags/ml_training.py for tasks to queue
[2026-01-23T16:55:04.993+0000] {logging_mixin.py:188} INFO - [2026-01-23T16:55:04.992+0000] {dagbag.py:538} INFO - Filling up the DagBag from /opt/airflow/dags/ml_training.py
[2026-01-23T16:55:05.116+0000] {logging_mixin.py:188} INFO - [2026-01-23T16:55:05.114+0000] {dagbag.py:348} ERROR - Failed to import: /opt/airflow/dags/ml_training.py
Traceback (most recent call last):
  File "/home/airflow/.local/lib/python3.8/site-packages/airflow/models/dagbag.py", line 344, in parse
    loader.exec_module(new_module)
  File "<frozen importlib._bootstrap_external>", line 843, in exec_module
  File "<frozen importlib._bootstrap>", line 219, in _call_with_frames_removed
  File "/opt/airflow/dags/ml_training.py", line 6, in <module>
    from sklearn.ensemble import RandomForestRegressor
ModuleNotFoundError: No module named 'sklearn'
[2026-01-23T16:55:05.117+0000] {processor.py:842} WARNING - No viable dags retrieved from /opt/airflow/dags/ml_training.py
[2026-01-23T16:55:05.148+0000] {processor.py:183} INFO - Processing /opt/airflow/dags/ml_training.py took 0.168 seconds
[2026-01-23T16:55:35.562+0000] {processor.py:161} INFO - Started process (PID=547) to work on /opt/airflow/dags/ml_training.py
[2026-01-23T16:55:35.564+0000] {processor.py:830} INFO - Processing file /opt/airflow/dags/ml_training.py for tasks to queue
[2026-01-23T16:55:35.566+0000] {logging_mixin.py:188} INFO - [2026-01-23T16:55:35.565+0000] {dagbag.py:538} INFO - Filling up the DagBag from /opt/airflow/dags/ml_training.py
[2026-01-23T16:55:35.660+0000] {logging_mixin.py:188} INFO - [2026-01-23T16:55:35.658+0000] {dagbag.py:348} ERROR - Failed to import: /opt/airflow/dags/ml_training.py
Traceback (most recent call last):
  File "/home/airflow/.local/lib/python3.8/site-packages/airflow/models/dagbag.py", line 344, in parse
    loader.exec_module(new_module)
  File "<frozen importlib._bootstrap_external>", line 843, in exec_module
  File "<frozen importlib._bootstrap>", line 219, in _call_with_frames_removed
  File "/opt/airflow/dags/ml_training.py", line 6, in <module>
    from sklearn.ensemble import RandomForestRegressor
ModuleNotFoundError: No module named 'sklearn'
[2026-01-23T16:55:35.661+0000] {processor.py:842} WARNING - No viable dags retrieved from /opt/airflow/dags/ml_training.py
[2026-01-23T16:55:35.690+0000] {processor.py:183} INFO - Processing /opt/airflow/dags/ml_training.py took 0.132 seconds
[2026-01-23T16:56:05.882+0000] {processor.py:161} INFO - Started process (PID=563) to work on /opt/airflow/dags/ml_training.py
[2026-01-23T16:56:05.885+0000] {processor.py:830} INFO - Processing file /opt/airflow/dags/ml_training.py for tasks to queue
[2026-01-23T16:56:05.887+0000] {logging_mixin.py:188} INFO - [2026-01-23T16:56:05.886+0000] {dagbag.py:538} INFO - Filling up the DagBag from /opt/airflow/dags/ml_training.py
[2026-01-23T16:56:06.009+0000] {logging_mixin.py:188} INFO - [2026-01-23T16:56:06.007+0000] {dagbag.py:348} ERROR - Failed to import: /opt/airflow/dags/ml_training.py
Traceback (most recent call last):
  File "/home/airflow/.local/lib/python3.8/site-packages/airflow/models/dagbag.py", line 344, in parse
    loader.exec_module(new_module)
  File "<frozen importlib._bootstrap_external>", line 843, in exec_module
  File "<frozen importlib._bootstrap>", line 219, in _call_with_frames_removed
  File "/opt/airflow/dags/ml_training.py", line 6, in <module>
    from sklearn.ensemble import RandomForestRegressor
ModuleNotFoundError: No module named 'sklearn'
[2026-01-23T16:56:06.009+0000] {processor.py:842} WARNING - No viable dags retrieved from /opt/airflow/dags/ml_training.py
[2026-01-23T16:56:06.054+0000] {processor.py:183} INFO - Processing /opt/airflow/dags/ml_training.py took 0.176 seconds
[2026-01-23T16:56:36.254+0000] {processor.py:161} INFO - Started process (PID=579) to work on /opt/airflow/dags/ml_training.py
[2026-01-23T16:56:36.255+0000] {processor.py:830} INFO - Processing file /opt/airflow/dags/ml_training.py for tasks to queue
[2026-01-23T16:56:36.257+0000] {logging_mixin.py:188} INFO - [2026-01-23T16:56:36.256+0000] {dagbag.py:538} INFO - Filling up the DagBag from /opt/airflow/dags/ml_training.py
[2026-01-23T16:56:36.361+0000] {logging_mixin.py:188} INFO - [2026-01-23T16:56:36.359+0000] {dagbag.py:348} ERROR - Failed to import: /opt/airflow/dags/ml_training.py
Traceback (most recent call last):
  File "/home/airflow/.local/lib/python3.8/site-packages/airflow/models/dagbag.py", line 344, in parse
    loader.exec_module(new_module)
  File "<frozen importlib._bootstrap_external>", line 843, in exec_module
  File "<frozen importlib._bootstrap>", line 219, in _call_with_frames_removed
  File "/opt/airflow/dags/ml_training.py", line 6, in <module>
    from sklearn.ensemble import RandomForestRegressor
ModuleNotFoundError: No module named 'sklearn'
[2026-01-23T16:56:36.362+0000] {processor.py:842} WARNING - No viable dags retrieved from /opt/airflow/dags/ml_training.py
[2026-01-23T16:56:36.398+0000] {processor.py:183} INFO - Processing /opt/airflow/dags/ml_training.py took 0.150 seconds
[2026-01-23T16:57:06.582+0000] {processor.py:161} INFO - Started process (PID=595) to work on /opt/airflow/dags/ml_training.py
[2026-01-23T16:57:06.583+0000] {processor.py:830} INFO - Processing file /opt/airflow/dags/ml_training.py for tasks to queue
[2026-01-23T16:57:06.585+0000] {logging_mixin.py:188} INFO - [2026-01-23T16:57:06.584+0000] {dagbag.py:538} INFO - Filling up the DagBag from /opt/airflow/dags/ml_training.py
[2026-01-23T16:57:06.695+0000] {logging_mixin.py:188} INFO - [2026-01-23T16:57:06.694+0000] {dagbag.py:348} ERROR - Failed to import: /opt/airflow/dags/ml_training.py
Traceback (most recent call last):
  File "/home/airflow/.local/lib/python3.8/site-packages/airflow/models/dagbag.py", line 344, in parse
    loader.exec_module(new_module)
  File "<frozen importlib._bootstrap_external>", line 843, in exec_module
  File "<frozen importlib._bootstrap>", line 219, in _call_with_frames_removed
  File "/opt/airflow/dags/ml_training.py", line 6, in <module>
    from sklearn.ensemble import RandomForestRegressor
ModuleNotFoundError: No module named 'sklearn'
[2026-01-23T16:57:06.697+0000] {processor.py:842} WARNING - No viable dags retrieved from /opt/airflow/dags/ml_training.py
[2026-01-23T16:57:06.745+0000] {processor.py:183} INFO - Processing /opt/airflow/dags/ml_training.py took 0.168 seconds
[2026-01-23T16:57:36.996+0000] {processor.py:161} INFO - Started process (PID=611) to work on /opt/airflow/dags/ml_training.py
[2026-01-23T16:57:36.998+0000] {processor.py:830} INFO - Processing file /opt/airflow/dags/ml_training.py for tasks to queue
[2026-01-23T16:57:36.999+0000] {logging_mixin.py:188} INFO - [2026-01-23T16:57:36.998+0000] {dagbag.py:538} INFO - Filling up the DagBag from /opt/airflow/dags/ml_training.py
[2026-01-23T16:57:37.087+0000] {logging_mixin.py:188} INFO - [2026-01-23T16:57:37.085+0000] {dagbag.py:348} ERROR - Failed to import: /opt/airflow/dags/ml_training.py
Traceback (most recent call last):
  File "/home/airflow/.local/lib/python3.8/site-packages/airflow/models/dagbag.py", line 344, in parse
    loader.exec_module(new_module)
  File "<frozen importlib._bootstrap_external>", line 843, in exec_module
  File "<frozen importlib._bootstrap>", line 219, in _call_with_frames_removed
  File "/opt/airflow/dags/ml_training.py", line 6, in <module>
    from sklearn.ensemble import RandomForestRegressor
ModuleNotFoundError: No module named 'sklearn'
[2026-01-23T16:57:37.087+0000] {processor.py:842} WARNING - No viable dags retrieved from /opt/airflow/dags/ml_training.py
[2026-01-23T16:57:37.128+0000] {processor.py:183} INFO - Processing /opt/airflow/dags/ml_training.py took 0.136 seconds
[2026-01-23T16:58:07.266+0000] {processor.py:161} INFO - Started process (PID=633) to work on /opt/airflow/dags/ml_training.py
[2026-01-23T16:58:07.267+0000] {processor.py:830} INFO - Processing file /opt/airflow/dags/ml_training.py for tasks to queue
[2026-01-23T16:58:07.270+0000] {logging_mixin.py:188} INFO - [2026-01-23T16:58:07.269+0000] {dagbag.py:538} INFO - Filling up the DagBag from /opt/airflow/dags/ml_training.py
[2026-01-23T16:58:07.365+0000] {logging_mixin.py:188} INFO - [2026-01-23T16:58:07.363+0000] {dagbag.py:348} ERROR - Failed to import: /opt/airflow/dags/ml_training.py
Traceback (most recent call last):
  File "/home/airflow/.local/lib/python3.8/site-packages/airflow/models/dagbag.py", line 344, in parse
    loader.exec_module(new_module)
  File "<frozen importlib._bootstrap_external>", line 843, in exec_module
  File "<frozen importlib._bootstrap>", line 219, in _call_with_frames_removed
  File "/opt/airflow/dags/ml_training.py", line 6, in <module>
    from sklearn.ensemble import RandomForestRegressor
ModuleNotFoundError: No module named 'sklearn'
[2026-01-23T16:58:07.365+0000] {processor.py:842} WARNING - No viable dags retrieved from /opt/airflow/dags/ml_training.py
[2026-01-23T16:58:07.391+0000] {processor.py:183} INFO - Processing /opt/airflow/dags/ml_training.py took 0.129 seconds
[2026-01-23T16:58:37.533+0000] {processor.py:161} INFO - Started process (PID=649) to work on /opt/airflow/dags/ml_training.py
[2026-01-23T16:58:37.535+0000] {processor.py:830} INFO - Processing file /opt/airflow/dags/ml_training.py for tasks to queue
[2026-01-23T16:58:37.537+0000] {logging_mixin.py:188} INFO - [2026-01-23T16:58:37.536+0000] {dagbag.py:538} INFO - Filling up the DagBag from /opt/airflow/dags/ml_training.py
[2026-01-23T16:58:37.638+0000] {logging_mixin.py:188} INFO - [2026-01-23T16:58:37.636+0000] {dagbag.py:348} ERROR - Failed to import: /opt/airflow/dags/ml_training.py
Traceback (most recent call last):
  File "/home/airflow/.local/lib/python3.8/site-packages/airflow/models/dagbag.py", line 344, in parse
    loader.exec_module(new_module)
  File "<frozen importlib._bootstrap_external>", line 843, in exec_module
  File "<frozen importlib._bootstrap>", line 219, in _call_with_frames_removed
  File "/opt/airflow/dags/ml_training.py", line 6, in <module>
    from sklearn.ensemble import RandomForestRegressor
ModuleNotFoundError: No module named 'sklearn'
[2026-01-23T16:58:37.638+0000] {processor.py:842} WARNING - No viable dags retrieved from /opt/airflow/dags/ml_training.py
[2026-01-23T16:58:37.665+0000] {processor.py:183} INFO - Processing /opt/airflow/dags/ml_training.py took 0.137 seconds
[2026-01-23T16:59:08.370+0000] {processor.py:161} INFO - Started process (PID=677) to work on /opt/airflow/dags/ml_training.py
[2026-01-23T16:59:08.371+0000] {processor.py:830} INFO - Processing file /opt/airflow/dags/ml_training.py for tasks to queue
[2026-01-23T16:59:08.373+0000] {logging_mixin.py:188} INFO - [2026-01-23T16:59:08.372+0000] {dagbag.py:538} INFO - Filling up the DagBag from /opt/airflow/dags/ml_training.py
[2026-01-23T16:59:08.476+0000] {logging_mixin.py:188} INFO - [2026-01-23T16:59:08.474+0000] {dagbag.py:348} ERROR - Failed to import: /opt/airflow/dags/ml_training.py
Traceback (most recent call last):
  File "/home/airflow/.local/lib/python3.8/site-packages/airflow/models/dagbag.py", line 344, in parse
    loader.exec_module(new_module)
  File "<frozen importlib._bootstrap_external>", line 843, in exec_module
  File "<frozen importlib._bootstrap>", line 219, in _call_with_frames_removed
  File "/opt/airflow/dags/ml_training.py", line 6, in <module>
    from sklearn.ensemble import RandomForestRegressor
ModuleNotFoundError: No module named 'sklearn'
[2026-01-23T16:59:08.476+0000] {processor.py:842} WARNING - No viable dags retrieved from /opt/airflow/dags/ml_training.py
[2026-01-23T16:59:08.503+0000] {processor.py:183} INFO - Processing /opt/airflow/dags/ml_training.py took 0.138 seconds
[2026-01-23T16:59:38.706+0000] {processor.py:161} INFO - Started process (PID=704) to work on /opt/airflow/dags/ml_training.py
[2026-01-23T16:59:38.708+0000] {processor.py:830} INFO - Processing file /opt/airflow/dags/ml_training.py for tasks to queue
[2026-01-23T16:59:38.710+0000] {logging_mixin.py:188} INFO - [2026-01-23T16:59:38.710+0000] {dagbag.py:538} INFO - Filling up the DagBag from /opt/airflow/dags/ml_training.py
[2026-01-23T16:59:38.852+0000] {logging_mixin.py:188} INFO - [2026-01-23T16:59:38.849+0000] {dagbag.py:348} ERROR - Failed to import: /opt/airflow/dags/ml_training.py
Traceback (most recent call last):
  File "/home/airflow/.local/lib/python3.8/site-packages/airflow/models/dagbag.py", line 344, in parse
    loader.exec_module(new_module)
  File "<frozen importlib._bootstrap_external>", line 843, in exec_module
  File "<frozen importlib._bootstrap>", line 219, in _call_with_frames_removed
  File "/opt/airflow/dags/ml_training.py", line 6, in <module>
    from sklearn.ensemble import RandomForestRegressor
ModuleNotFoundError: No module named 'sklearn'
[2026-01-23T16:59:38.854+0000] {processor.py:842} WARNING - No viable dags retrieved from /opt/airflow/dags/ml_training.py
[2026-01-23T16:59:38.898+0000] {processor.py:183} INFO - Processing /opt/airflow/dags/ml_training.py took 0.196 seconds
[2026-01-23T17:00:09.822+0000] {processor.py:161} INFO - Started process (PID=722) to work on /opt/airflow/dags/ml_training.py
[2026-01-23T17:00:09.824+0000] {processor.py:830} INFO - Processing file /opt/airflow/dags/ml_training.py for tasks to queue
[2026-01-23T17:00:09.825+0000] {logging_mixin.py:188} INFO - [2026-01-23T17:00:09.824+0000] {dagbag.py:538} INFO - Filling up the DagBag from /opt/airflow/dags/ml_training.py
[2026-01-23T17:00:09.915+0000] {logging_mixin.py:188} INFO - [2026-01-23T17:00:09.913+0000] {dagbag.py:348} ERROR - Failed to import: /opt/airflow/dags/ml_training.py
Traceback (most recent call last):
  File "/home/airflow/.local/lib/python3.8/site-packages/airflow/models/dagbag.py", line 344, in parse
    loader.exec_module(new_module)
  File "<frozen importlib._bootstrap_external>", line 843, in exec_module
  File "<frozen importlib._bootstrap>", line 219, in _call_with_frames_removed
  File "/opt/airflow/dags/ml_training.py", line 6, in <module>
    from sklearn.ensemble import RandomForestRegressor
ModuleNotFoundError: No module named 'sklearn'
[2026-01-23T17:00:09.915+0000] {processor.py:842} WARNING - No viable dags retrieved from /opt/airflow/dags/ml_training.py
[2026-01-23T17:00:09.947+0000] {processor.py:183} INFO - Processing /opt/airflow/dags/ml_training.py took 0.129 seconds
[2026-01-23T17:00:40.081+0000] {processor.py:161} INFO - Started process (PID=738) to work on /opt/airflow/dags/ml_training.py
[2026-01-23T17:00:40.083+0000] {processor.py:830} INFO - Processing file /opt/airflow/dags/ml_training.py for tasks to queue
[2026-01-23T17:00:40.084+0000] {logging_mixin.py:188} INFO - [2026-01-23T17:00:40.084+0000] {dagbag.py:538} INFO - Filling up the DagBag from /opt/airflow/dags/ml_training.py
[2026-01-23T17:00:40.184+0000] {logging_mixin.py:188} INFO - [2026-01-23T17:00:40.183+0000] {dagbag.py:348} ERROR - Failed to import: /opt/airflow/dags/ml_training.py
Traceback (most recent call last):
  File "/home/airflow/.local/lib/python3.8/site-packages/airflow/models/dagbag.py", line 344, in parse
    loader.exec_module(new_module)
  File "<frozen importlib._bootstrap_external>", line 843, in exec_module
  File "<frozen importlib._bootstrap>", line 219, in _call_with_frames_removed
  File "/opt/airflow/dags/ml_training.py", line 6, in <module>
    from sklearn.ensemble import RandomForestRegressor
ModuleNotFoundError: No module named 'sklearn'
[2026-01-23T17:00:40.185+0000] {processor.py:842} WARNING - No viable dags retrieved from /opt/airflow/dags/ml_training.py
[2026-01-23T17:00:40.218+0000] {processor.py:183} INFO - Processing /opt/airflow/dags/ml_training.py took 0.142 seconds
[2026-01-23T17:01:10.416+0000] {processor.py:161} INFO - Started process (PID=754) to work on /opt/airflow/dags/ml_training.py
[2026-01-23T17:01:10.417+0000] {processor.py:830} INFO - Processing file /opt/airflow/dags/ml_training.py for tasks to queue
[2026-01-23T17:01:10.418+0000] {logging_mixin.py:188} INFO - [2026-01-23T17:01:10.418+0000] {dagbag.py:538} INFO - Filling up the DagBag from /opt/airflow/dags/ml_training.py
[2026-01-23T17:01:10.517+0000] {logging_mixin.py:188} INFO - [2026-01-23T17:01:10.516+0000] {dagbag.py:348} ERROR - Failed to import: /opt/airflow/dags/ml_training.py
Traceback (most recent call last):
  File "/home/airflow/.local/lib/python3.8/site-packages/airflow/models/dagbag.py", line 344, in parse
    loader.exec_module(new_module)
  File "<frozen importlib._bootstrap_external>", line 843, in exec_module
  File "<frozen importlib._bootstrap>", line 219, in _call_with_frames_removed
  File "/opt/airflow/dags/ml_training.py", line 6, in <module>
    from sklearn.ensemble import RandomForestRegressor
ModuleNotFoundError: No module named 'sklearn'
[2026-01-23T17:01:10.518+0000] {processor.py:842} WARNING - No viable dags retrieved from /opt/airflow/dags/ml_training.py
[2026-01-23T17:01:10.561+0000] {processor.py:183} INFO - Processing /opt/airflow/dags/ml_training.py took 0.149 seconds
[2026-01-23T17:01:40.685+0000] {processor.py:161} INFO - Started process (PID=770) to work on /opt/airflow/dags/ml_training.py
[2026-01-23T17:01:40.686+0000] {processor.py:830} INFO - Processing file /opt/airflow/dags/ml_training.py for tasks to queue
[2026-01-23T17:01:40.688+0000] {logging_mixin.py:188} INFO - [2026-01-23T17:01:40.687+0000] {dagbag.py:538} INFO - Filling up the DagBag from /opt/airflow/dags/ml_training.py
[2026-01-23T17:01:40.816+0000] {logging_mixin.py:188} INFO - [2026-01-23T17:01:40.814+0000] {dagbag.py:348} ERROR - Failed to import: /opt/airflow/dags/ml_training.py
Traceback (most recent call last):
  File "/home/airflow/.local/lib/python3.8/site-packages/airflow/models/dagbag.py", line 344, in parse
    loader.exec_module(new_module)
  File "<frozen importlib._bootstrap_external>", line 843, in exec_module
  File "<frozen importlib._bootstrap>", line 219, in _call_with_frames_removed
  File "/opt/airflow/dags/ml_training.py", line 6, in <module>
    from sklearn.ensemble import RandomForestRegressor
ModuleNotFoundError: No module named 'sklearn'
[2026-01-23T17:01:40.817+0000] {processor.py:842} WARNING - No viable dags retrieved from /opt/airflow/dags/ml_training.py
[2026-01-23T17:01:40.853+0000] {processor.py:183} INFO - Processing /opt/airflow/dags/ml_training.py took 0.173 seconds
[2026-01-23T17:02:10.942+0000] {processor.py:161} INFO - Started process (PID=786) to work on /opt/airflow/dags/ml_training.py
[2026-01-23T17:02:10.943+0000] {processor.py:830} INFO - Processing file /opt/airflow/dags/ml_training.py for tasks to queue
[2026-01-23T17:02:10.945+0000] {logging_mixin.py:188} INFO - [2026-01-23T17:02:10.944+0000] {dagbag.py:538} INFO - Filling up the DagBag from /opt/airflow/dags/ml_training.py
[2026-01-23T17:02:11.025+0000] {logging_mixin.py:188} INFO - [2026-01-23T17:02:11.023+0000] {dagbag.py:348} ERROR - Failed to import: /opt/airflow/dags/ml_training.py
Traceback (most recent call last):
  File "/home/airflow/.local/lib/python3.8/site-packages/airflow/models/dagbag.py", line 344, in parse
    loader.exec_module(new_module)
  File "<frozen importlib._bootstrap_external>", line 843, in exec_module
  File "<frozen importlib._bootstrap>", line 219, in _call_with_frames_removed
  File "/opt/airflow/dags/ml_training.py", line 6, in <module>
    from sklearn.ensemble import RandomForestRegressor
ModuleNotFoundError: No module named 'sklearn'
[2026-01-23T17:02:11.025+0000] {processor.py:842} WARNING - No viable dags retrieved from /opt/airflow/dags/ml_training.py
[2026-01-23T17:02:11.057+0000] {processor.py:183} INFO - Processing /opt/airflow/dags/ml_training.py took 0.119 seconds
[2026-01-23T17:02:41.163+0000] {processor.py:161} INFO - Started process (PID=802) to work on /opt/airflow/dags/ml_training.py
[2026-01-23T17:02:41.164+0000] {processor.py:830} INFO - Processing file /opt/airflow/dags/ml_training.py for tasks to queue
[2026-01-23T17:02:41.165+0000] {logging_mixin.py:188} INFO - [2026-01-23T17:02:41.165+0000] {dagbag.py:538} INFO - Filling up the DagBag from /opt/airflow/dags/ml_training.py
[2026-01-23T17:02:41.335+0000] {logging_mixin.py:188} INFO - [2026-01-23T17:02:41.333+0000] {dagbag.py:348} ERROR - Failed to import: /opt/airflow/dags/ml_training.py
Traceback (most recent call last):
  File "/home/airflow/.local/lib/python3.8/site-packages/airflow/models/dagbag.py", line 344, in parse
    loader.exec_module(new_module)
  File "<frozen importlib._bootstrap_external>", line 843, in exec_module
  File "<frozen importlib._bootstrap>", line 219, in _call_with_frames_removed
  File "/opt/airflow/dags/ml_training.py", line 6, in <module>
    from sklearn.ensemble import RandomForestRegressor
ModuleNotFoundError: No module named 'sklearn'
[2026-01-23T17:02:41.335+0000] {processor.py:842} WARNING - No viable dags retrieved from /opt/airflow/dags/ml_training.py
[2026-01-23T17:02:41.362+0000] {processor.py:183} INFO - Processing /opt/airflow/dags/ml_training.py took 0.203 seconds
[2026-01-23T17:03:11.550+0000] {processor.py:161} INFO - Started process (PID=818) to work on /opt/airflow/dags/ml_training.py
[2026-01-23T17:03:11.552+0000] {processor.py:830} INFO - Processing file /opt/airflow/dags/ml_training.py for tasks to queue
[2026-01-23T17:03:11.553+0000] {logging_mixin.py:188} INFO - [2026-01-23T17:03:11.553+0000] {dagbag.py:538} INFO - Filling up the DagBag from /opt/airflow/dags/ml_training.py
[2026-01-23T17:03:11.654+0000] {logging_mixin.py:188} INFO - [2026-01-23T17:03:11.652+0000] {dagbag.py:348} ERROR - Failed to import: /opt/airflow/dags/ml_training.py
Traceback (most recent call last):
  File "/home/airflow/.local/lib/python3.8/site-packages/airflow/models/dagbag.py", line 344, in parse
    loader.exec_module(new_module)
  File "<frozen importlib._bootstrap_external>", line 843, in exec_module
  File "<frozen importlib._bootstrap>", line 219, in _call_with_frames_removed
  File "/opt/airflow/dags/ml_training.py", line 6, in <module>
    from sklearn.ensemble import RandomForestRegressor
ModuleNotFoundError: No module named 'sklearn'
[2026-01-23T17:03:11.654+0000] {processor.py:842} WARNING - No viable dags retrieved from /opt/airflow/dags/ml_training.py
[2026-01-23T17:03:11.686+0000] {processor.py:183} INFO - Processing /opt/airflow/dags/ml_training.py took 0.140 seconds
[2026-01-23T17:03:41.878+0000] {processor.py:161} INFO - Started process (PID=834) to work on /opt/airflow/dags/ml_training.py
[2026-01-23T17:03:41.881+0000] {processor.py:830} INFO - Processing file /opt/airflow/dags/ml_training.py for tasks to queue
[2026-01-23T17:03:41.882+0000] {logging_mixin.py:188} INFO - [2026-01-23T17:03:41.882+0000] {dagbag.py:538} INFO - Filling up the DagBag from /opt/airflow/dags/ml_training.py
[2026-01-23T17:03:41.975+0000] {logging_mixin.py:188} INFO - [2026-01-23T17:03:41.974+0000] {dagbag.py:348} ERROR - Failed to import: /opt/airflow/dags/ml_training.py
Traceback (most recent call last):
  File "/home/airflow/.local/lib/python3.8/site-packages/airflow/models/dagbag.py", line 344, in parse
    loader.exec_module(new_module)
  File "<frozen importlib._bootstrap_external>", line 843, in exec_module
  File "<frozen importlib._bootstrap>", line 219, in _call_with_frames_removed
  File "/opt/airflow/dags/ml_training.py", line 6, in <module>
    from sklearn.ensemble import RandomForestRegressor
ModuleNotFoundError: No module named 'sklearn'
[2026-01-23T17:03:41.976+0000] {processor.py:842} WARNING - No viable dags retrieved from /opt/airflow/dags/ml_training.py
[2026-01-23T17:03:42.008+0000] {processor.py:183} INFO - Processing /opt/airflow/dags/ml_training.py took 0.134 seconds
[2026-01-23T17:04:12.267+0000] {processor.py:161} INFO - Started process (PID=850) to work on /opt/airflow/dags/ml_training.py
[2026-01-23T17:04:12.269+0000] {processor.py:830} INFO - Processing file /opt/airflow/dags/ml_training.py for tasks to queue
[2026-01-23T17:04:12.271+0000] {logging_mixin.py:188} INFO - [2026-01-23T17:04:12.270+0000] {dagbag.py:538} INFO - Filling up the DagBag from /opt/airflow/dags/ml_training.py
[2026-01-23T17:04:12.363+0000] {logging_mixin.py:188} INFO - [2026-01-23T17:04:12.361+0000] {dagbag.py:348} ERROR - Failed to import: /opt/airflow/dags/ml_training.py
Traceback (most recent call last):
  File "/home/airflow/.local/lib/python3.8/site-packages/airflow/models/dagbag.py", line 344, in parse
    loader.exec_module(new_module)
  File "<frozen importlib._bootstrap_external>", line 843, in exec_module
  File "<frozen importlib._bootstrap>", line 219, in _call_with_frames_removed
  File "/opt/airflow/dags/ml_training.py", line 6, in <module>
    from sklearn.ensemble import RandomForestRegressor
ModuleNotFoundError: No module named 'sklearn'
[2026-01-23T17:04:12.363+0000] {processor.py:842} WARNING - No viable dags retrieved from /opt/airflow/dags/ml_training.py
[2026-01-23T17:04:12.394+0000] {processor.py:183} INFO - Processing /opt/airflow/dags/ml_training.py took 0.134 seconds
[2026-01-23T17:04:42.620+0000] {processor.py:161} INFO - Started process (PID=866) to work on /opt/airflow/dags/ml_training.py
[2026-01-23T17:04:42.622+0000] {processor.py:830} INFO - Processing file /opt/airflow/dags/ml_training.py for tasks to queue
[2026-01-23T17:04:42.623+0000] {logging_mixin.py:188} INFO - [2026-01-23T17:04:42.623+0000] {dagbag.py:538} INFO - Filling up the DagBag from /opt/airflow/dags/ml_training.py
[2026-01-23T17:04:42.743+0000] {logging_mixin.py:188} INFO - [2026-01-23T17:04:42.741+0000] {dagbag.py:348} ERROR - Failed to import: /opt/airflow/dags/ml_training.py
Traceback (most recent call last):
  File "/home/airflow/.local/lib/python3.8/site-packages/airflow/models/dagbag.py", line 344, in parse
    loader.exec_module(new_module)
  File "<frozen importlib._bootstrap_external>", line 843, in exec_module
  File "<frozen importlib._bootstrap>", line 219, in _call_with_frames_removed
  File "/opt/airflow/dags/ml_training.py", line 6, in <module>
    from sklearn.ensemble import RandomForestRegressor
ModuleNotFoundError: No module named 'sklearn'
[2026-01-23T17:04:42.743+0000] {processor.py:842} WARNING - No viable dags retrieved from /opt/airflow/dags/ml_training.py
[2026-01-23T17:04:42.786+0000] {processor.py:183} INFO - Processing /opt/airflow/dags/ml_training.py took 0.172 seconds
[2026-01-23T17:05:13.125+0000] {processor.py:161} INFO - Started process (PID=882) to work on /opt/airflow/dags/ml_training.py
[2026-01-23T17:05:13.127+0000] {processor.py:830} INFO - Processing file /opt/airflow/dags/ml_training.py for tasks to queue
[2026-01-23T17:05:13.129+0000] {logging_mixin.py:188} INFO - [2026-01-23T17:05:13.128+0000] {dagbag.py:538} INFO - Filling up the DagBag from /opt/airflow/dags/ml_training.py
[2026-01-23T17:05:13.290+0000] {logging_mixin.py:188} INFO - [2026-01-23T17:05:13.288+0000] {dagbag.py:348} ERROR - Failed to import: /opt/airflow/dags/ml_training.py
Traceback (most recent call last):
  File "/home/airflow/.local/lib/python3.8/site-packages/airflow/models/dagbag.py", line 344, in parse
    loader.exec_module(new_module)
  File "<frozen importlib._bootstrap_external>", line 843, in exec_module
  File "<frozen importlib._bootstrap>", line 219, in _call_with_frames_removed
  File "/opt/airflow/dags/ml_training.py", line 6, in <module>
    from sklearn.ensemble import RandomForestRegressor
ModuleNotFoundError: No module named 'sklearn'
[2026-01-23T17:05:13.291+0000] {processor.py:842} WARNING - No viable dags retrieved from /opt/airflow/dags/ml_training.py
[2026-01-23T17:05:13.334+0000] {processor.py:183} INFO - Processing /opt/airflow/dags/ml_training.py took 0.216 seconds
[2026-01-23T17:05:43.609+0000] {processor.py:161} INFO - Started process (PID=898) to work on /opt/airflow/dags/ml_training.py
[2026-01-23T17:05:43.611+0000] {processor.py:830} INFO - Processing file /opt/airflow/dags/ml_training.py for tasks to queue
[2026-01-23T17:05:43.613+0000] {logging_mixin.py:188} INFO - [2026-01-23T17:05:43.613+0000] {dagbag.py:538} INFO - Filling up the DagBag from /opt/airflow/dags/ml_training.py
[2026-01-23T17:05:43.839+0000] {logging_mixin.py:188} INFO - [2026-01-23T17:05:43.837+0000] {dagbag.py:348} ERROR - Failed to import: /opt/airflow/dags/ml_training.py
Traceback (most recent call last):
  File "/home/airflow/.local/lib/python3.8/site-packages/airflow/models/dagbag.py", line 344, in parse
    loader.exec_module(new_module)
  File "<frozen importlib._bootstrap_external>", line 843, in exec_module
  File "<frozen importlib._bootstrap>", line 219, in _call_with_frames_removed
  File "/opt/airflow/dags/ml_training.py", line 6, in <module>
    from sklearn.ensemble import RandomForestRegressor
ModuleNotFoundError: No module named 'sklearn'
[2026-01-23T17:05:43.840+0000] {processor.py:842} WARNING - No viable dags retrieved from /opt/airflow/dags/ml_training.py
[2026-01-23T17:05:43.911+0000] {processor.py:183} INFO - Processing /opt/airflow/dags/ml_training.py took 0.312 seconds
[2026-01-23T17:06:14.347+0000] {processor.py:161} INFO - Started process (PID=914) to work on /opt/airflow/dags/ml_training.py
[2026-01-23T17:06:14.349+0000] {processor.py:830} INFO - Processing file /opt/airflow/dags/ml_training.py for tasks to queue
[2026-01-23T17:06:14.357+0000] {logging_mixin.py:188} INFO - [2026-01-23T17:06:14.357+0000] {dagbag.py:538} INFO - Filling up the DagBag from /opt/airflow/dags/ml_training.py
[2026-01-23T17:06:14.695+0000] {logging_mixin.py:188} INFO - [2026-01-23T17:06:14.688+0000] {dagbag.py:348} ERROR - Failed to import: /opt/airflow/dags/ml_training.py
Traceback (most recent call last):
  File "/home/airflow/.local/lib/python3.8/site-packages/airflow/models/dagbag.py", line 344, in parse
    loader.exec_module(new_module)
  File "<frozen importlib._bootstrap_external>", line 843, in exec_module
  File "<frozen importlib._bootstrap>", line 219, in _call_with_frames_removed
  File "/opt/airflow/dags/ml_training.py", line 6, in <module>
    from sklearn.ensemble import RandomForestRegressor
ModuleNotFoundError: No module named 'sklearn'
[2026-01-23T17:06:14.697+0000] {processor.py:842} WARNING - No viable dags retrieved from /opt/airflow/dags/ml_training.py
[2026-01-23T17:06:14.776+0000] {processor.py:183} INFO - Processing /opt/airflow/dags/ml_training.py took 0.440 seconds
[2026-01-23T17:06:45.510+0000] {processor.py:161} INFO - Started process (PID=930) to work on /opt/airflow/dags/ml_training.py
[2026-01-23T17:06:45.528+0000] {processor.py:830} INFO - Processing file /opt/airflow/dags/ml_training.py for tasks to queue
[2026-01-23T17:06:45.531+0000] {logging_mixin.py:188} INFO - [2026-01-23T17:06:45.530+0000] {dagbag.py:538} INFO - Filling up the DagBag from /opt/airflow/dags/ml_training.py
[2026-01-23T17:06:45.809+0000] {logging_mixin.py:188} INFO - [2026-01-23T17:06:45.805+0000] {dagbag.py:348} ERROR - Failed to import: /opt/airflow/dags/ml_training.py
Traceback (most recent call last):
  File "/home/airflow/.local/lib/python3.8/site-packages/airflow/models/dagbag.py", line 344, in parse
    loader.exec_module(new_module)
  File "<frozen importlib._bootstrap_external>", line 843, in exec_module
  File "<frozen importlib._bootstrap>", line 219, in _call_with_frames_removed
  File "/opt/airflow/dags/ml_training.py", line 6, in <module>
    from sklearn.ensemble import RandomForestRegressor
ModuleNotFoundError: No module named 'sklearn'
[2026-01-23T17:06:45.810+0000] {processor.py:842} WARNING - No viable dags retrieved from /opt/airflow/dags/ml_training.py
[2026-01-23T17:06:45.875+0000] {processor.py:183} INFO - Processing /opt/airflow/dags/ml_training.py took 0.379 seconds
[2026-01-23T17:07:16.223+0000] {processor.py:161} INFO - Started process (PID=969) to work on /opt/airflow/dags/ml_training.py
[2026-01-23T17:07:16.225+0000] {processor.py:830} INFO - Processing file /opt/airflow/dags/ml_training.py for tasks to queue
[2026-01-23T17:07:16.227+0000] {logging_mixin.py:188} INFO - [2026-01-23T17:07:16.226+0000] {dagbag.py:538} INFO - Filling up the DagBag from /opt/airflow/dags/ml_training.py
[2026-01-23T17:07:16.380+0000] {logging_mixin.py:188} INFO - [2026-01-23T17:07:16.377+0000] {dagbag.py:348} ERROR - Failed to import: /opt/airflow/dags/ml_training.py
Traceback (most recent call last):
  File "/home/airflow/.local/lib/python3.8/site-packages/airflow/models/dagbag.py", line 344, in parse
    loader.exec_module(new_module)
  File "<frozen importlib._bootstrap_external>", line 843, in exec_module
  File "<frozen importlib._bootstrap>", line 219, in _call_with_frames_removed
  File "/opt/airflow/dags/ml_training.py", line 6, in <module>
    from sklearn.ensemble import RandomForestRegressor
ModuleNotFoundError: No module named 'sklearn'
[2026-01-23T17:07:16.381+0000] {processor.py:842} WARNING - No viable dags retrieved from /opt/airflow/dags/ml_training.py
[2026-01-23T17:07:16.436+0000] {processor.py:183} INFO - Processing /opt/airflow/dags/ml_training.py took 0.220 seconds
[2026-01-23T17:07:46.960+0000] {processor.py:161} INFO - Started process (PID=985) to work on /opt/airflow/dags/ml_training.py
[2026-01-23T17:07:46.965+0000] {processor.py:830} INFO - Processing file /opt/airflow/dags/ml_training.py for tasks to queue
[2026-01-23T17:07:46.969+0000] {logging_mixin.py:188} INFO - [2026-01-23T17:07:46.968+0000] {dagbag.py:538} INFO - Filling up the DagBag from /opt/airflow/dags/ml_training.py
[2026-01-23T17:07:47.254+0000] {logging_mixin.py:188} INFO - [2026-01-23T17:07:47.251+0000] {dagbag.py:348} ERROR - Failed to import: /opt/airflow/dags/ml_training.py
Traceback (most recent call last):
  File "/home/airflow/.local/lib/python3.8/site-packages/airflow/models/dagbag.py", line 344, in parse
    loader.exec_module(new_module)
  File "<frozen importlib._bootstrap_external>", line 843, in exec_module
  File "<frozen importlib._bootstrap>", line 219, in _call_with_frames_removed
  File "/opt/airflow/dags/ml_training.py", line 6, in <module>
    from sklearn.ensemble import RandomForestRegressor
ModuleNotFoundError: No module named 'sklearn'
[2026-01-23T17:07:47.255+0000] {processor.py:842} WARNING - No viable dags retrieved from /opt/airflow/dags/ml_training.py
[2026-01-23T17:07:47.321+0000] {processor.py:183} INFO - Processing /opt/airflow/dags/ml_training.py took 0.371 seconds
[2026-01-23T17:08:17.387+0000] {processor.py:161} INFO - Started process (PID=1001) to work on /opt/airflow/dags/ml_training.py
[2026-01-23T17:08:17.390+0000] {processor.py:830} INFO - Processing file /opt/airflow/dags/ml_training.py for tasks to queue
[2026-01-23T17:08:17.392+0000] {logging_mixin.py:188} INFO - [2026-01-23T17:08:17.391+0000] {dagbag.py:538} INFO - Filling up the DagBag from /opt/airflow/dags/ml_training.py
[2026-01-23T17:08:17.547+0000] {logging_mixin.py:188} INFO - [2026-01-23T17:08:17.544+0000] {dagbag.py:348} ERROR - Failed to import: /opt/airflow/dags/ml_training.py
Traceback (most recent call last):
  File "/home/airflow/.local/lib/python3.8/site-packages/airflow/models/dagbag.py", line 344, in parse
    loader.exec_module(new_module)
  File "<frozen importlib._bootstrap_external>", line 843, in exec_module
  File "<frozen importlib._bootstrap>", line 219, in _call_with_frames_removed
  File "/opt/airflow/dags/ml_training.py", line 6, in <module>
    from sklearn.ensemble import RandomForestRegressor
ModuleNotFoundError: No module named 'sklearn'
[2026-01-23T17:08:17.548+0000] {processor.py:842} WARNING - No viable dags retrieved from /opt/airflow/dags/ml_training.py
[2026-01-23T17:08:17.617+0000] {processor.py:183} INFO - Processing /opt/airflow/dags/ml_training.py took 0.238 seconds
[2026-01-23T17:08:47.820+0000] {processor.py:161} INFO - Started process (PID=1017) to work on /opt/airflow/dags/ml_training.py
[2026-01-23T17:08:47.823+0000] {processor.py:830} INFO - Processing file /opt/airflow/dags/ml_training.py for tasks to queue
[2026-01-23T17:08:47.825+0000] {logging_mixin.py:188} INFO - [2026-01-23T17:08:47.825+0000] {dagbag.py:538} INFO - Filling up the DagBag from /opt/airflow/dags/ml_training.py
[2026-01-23T17:08:48.071+0000] {logging_mixin.py:188} INFO - [2026-01-23T17:08:48.066+0000] {dagbag.py:348} ERROR - Failed to import: /opt/airflow/dags/ml_training.py
Traceback (most recent call last):
  File "/home/airflow/.local/lib/python3.8/site-packages/airflow/models/dagbag.py", line 344, in parse
    loader.exec_module(new_module)
  File "<frozen importlib._bootstrap_external>", line 843, in exec_module
  File "<frozen importlib._bootstrap>", line 219, in _call_with_frames_removed
  File "/opt/airflow/dags/ml_training.py", line 6, in <module>
    from sklearn.ensemble import RandomForestRegressor
ModuleNotFoundError: No module named 'sklearn'
[2026-01-23T17:08:48.073+0000] {processor.py:842} WARNING - No viable dags retrieved from /opt/airflow/dags/ml_training.py
[2026-01-23T17:08:48.132+0000] {processor.py:183} INFO - Processing /opt/airflow/dags/ml_training.py took 0.321 seconds
[2026-01-23T17:09:18.527+0000] {processor.py:161} INFO - Started process (PID=1060) to work on /opt/airflow/dags/ml_training.py
[2026-01-23T17:09:18.529+0000] {processor.py:830} INFO - Processing file /opt/airflow/dags/ml_training.py for tasks to queue
[2026-01-23T17:09:18.532+0000] {logging_mixin.py:188} INFO - [2026-01-23T17:09:18.531+0000] {dagbag.py:538} INFO - Filling up the DagBag from /opt/airflow/dags/ml_training.py
[2026-01-23T17:09:18.785+0000] {logging_mixin.py:188} INFO - [2026-01-23T17:09:18.782+0000] {dagbag.py:348} ERROR - Failed to import: /opt/airflow/dags/ml_training.py
Traceback (most recent call last):
  File "/home/airflow/.local/lib/python3.8/site-packages/airflow/models/dagbag.py", line 344, in parse
    loader.exec_module(new_module)
  File "<frozen importlib._bootstrap_external>", line 843, in exec_module
  File "<frozen importlib._bootstrap>", line 219, in _call_with_frames_removed
  File "/opt/airflow/dags/ml_training.py", line 6, in <module>
    from sklearn.ensemble import RandomForestRegressor
ModuleNotFoundError: No module named 'sklearn'
[2026-01-23T17:09:18.788+0000] {processor.py:842} WARNING - No viable dags retrieved from /opt/airflow/dags/ml_training.py
[2026-01-23T17:09:18.859+0000] {processor.py:183} INFO - Processing /opt/airflow/dags/ml_training.py took 0.344 seconds
[2026-01-23T17:09:49.089+0000] {processor.py:161} INFO - Started process (PID=1074) to work on /opt/airflow/dags/ml_training.py
[2026-01-23T17:09:49.096+0000] {processor.py:830} INFO - Processing file /opt/airflow/dags/ml_training.py for tasks to queue
[2026-01-23T17:09:49.102+0000] {logging_mixin.py:188} INFO - [2026-01-23T17:09:49.100+0000] {dagbag.py:538} INFO - Filling up the DagBag from /opt/airflow/dags/ml_training.py
[2026-01-23T17:09:52.245+0000] {logging_mixin.py:188} INFO - [2026-01-23T17:09:52.238+0000] {dagbag.py:348} ERROR - Failed to import: /opt/airflow/dags/ml_training.py
Traceback (most recent call last):
  File "/home/airflow/.local/lib/python3.8/site-packages/airflow/models/dagbag.py", line 344, in parse
    loader.exec_module(new_module)
  File "<frozen importlib._bootstrap_external>", line 843, in exec_module
  File "<frozen importlib._bootstrap>", line 219, in _call_with_frames_removed
  File "/opt/airflow/dags/ml_training.py", line 125, in <module>
    train_df, test_df = train_test_split_time(df)
  File "/home/airflow/.local/lib/python3.8/site-packages/airflow/models/xcom_arg.py", line 270, in __iter__
    raise TypeError("'XComArg' object is not iterable")
TypeError: 'XComArg' object is not iterable
[2026-01-23T17:09:52.247+0000] {processor.py:842} WARNING - No viable dags retrieved from /opt/airflow/dags/ml_training.py
[2026-01-23T17:09:52.428+0000] {processor.py:183} INFO - Processing /opt/airflow/dags/ml_training.py took 3.371 seconds
[2026-01-23T17:10:23.215+0000] {processor.py:161} INFO - Started process (PID=1099) to work on /opt/airflow/dags/ml_training.py
[2026-01-23T17:10:23.220+0000] {processor.py:830} INFO - Processing file /opt/airflow/dags/ml_training.py for tasks to queue
[2026-01-23T17:10:23.225+0000] {logging_mixin.py:188} INFO - [2026-01-23T17:10:23.224+0000] {dagbag.py:538} INFO - Filling up the DagBag from /opt/airflow/dags/ml_training.py
[2026-01-23T17:10:26.519+0000] {logging_mixin.py:188} INFO - [2026-01-23T17:10:26.516+0000] {dagbag.py:348} ERROR - Failed to import: /opt/airflow/dags/ml_training.py
Traceback (most recent call last):
  File "/home/airflow/.local/lib/python3.8/site-packages/airflow/models/dagbag.py", line 344, in parse
    loader.exec_module(new_module)
  File "<frozen importlib._bootstrap_external>", line 843, in exec_module
  File "<frozen importlib._bootstrap>", line 219, in _call_with_frames_removed
  File "/opt/airflow/dags/ml_training.py", line 125, in <module>
    train_df, test_df = train_test_split_time(df)
  File "/home/airflow/.local/lib/python3.8/site-packages/airflow/models/xcom_arg.py", line 270, in __iter__
    raise TypeError("'XComArg' object is not iterable")
TypeError: 'XComArg' object is not iterable
[2026-01-23T17:10:26.521+0000] {processor.py:842} WARNING - No viable dags retrieved from /opt/airflow/dags/ml_training.py
[2026-01-23T17:10:26.566+0000] {processor.py:183} INFO - Processing /opt/airflow/dags/ml_training.py took 3.419 seconds
[2026-01-23T17:10:56.788+0000] {processor.py:161} INFO - Started process (PID=1135) to work on /opt/airflow/dags/ml_training.py
[2026-01-23T17:10:56.791+0000] {processor.py:830} INFO - Processing file /opt/airflow/dags/ml_training.py for tasks to queue
[2026-01-23T17:10:56.793+0000] {logging_mixin.py:188} INFO - [2026-01-23T17:10:56.792+0000] {dagbag.py:538} INFO - Filling up the DagBag from /opt/airflow/dags/ml_training.py
[2026-01-23T17:10:58.271+0000] {logging_mixin.py:188} INFO - [2026-01-23T17:10:58.268+0000] {dagbag.py:348} ERROR - Failed to import: /opt/airflow/dags/ml_training.py
Traceback (most recent call last):
  File "/home/airflow/.local/lib/python3.8/site-packages/airflow/models/dagbag.py", line 344, in parse
    loader.exec_module(new_module)
  File "<frozen importlib._bootstrap_external>", line 843, in exec_module
  File "<frozen importlib._bootstrap>", line 219, in _call_with_frames_removed
  File "/opt/airflow/dags/ml_training.py", line 125, in <module>
    train_df, test_df = train_test_split_time(df)
  File "/home/airflow/.local/lib/python3.8/site-packages/airflow/models/xcom_arg.py", line 270, in __iter__
    raise TypeError("'XComArg' object is not iterable")
TypeError: 'XComArg' object is not iterable
[2026-01-23T17:10:58.272+0000] {processor.py:842} WARNING - No viable dags retrieved from /opt/airflow/dags/ml_training.py
[2026-01-23T17:10:58.313+0000] {processor.py:183} INFO - Processing /opt/airflow/dags/ml_training.py took 1.534 seconds
[2026-01-23T17:11:28.468+0000] {processor.py:161} INFO - Started process (PID=1172) to work on /opt/airflow/dags/ml_training.py
[2026-01-23T17:11:28.476+0000] {processor.py:830} INFO - Processing file /opt/airflow/dags/ml_training.py for tasks to queue
[2026-01-23T17:11:28.481+0000] {logging_mixin.py:188} INFO - [2026-01-23T17:11:28.480+0000] {dagbag.py:538} INFO - Filling up the DagBag from /opt/airflow/dags/ml_training.py
[2026-01-23T17:11:30.404+0000] {logging_mixin.py:188} INFO - [2026-01-23T17:11:30.400+0000] {dagbag.py:348} ERROR - Failed to import: /opt/airflow/dags/ml_training.py
Traceback (most recent call last):
  File "/home/airflow/.local/lib/python3.8/site-packages/airflow/models/dagbag.py", line 344, in parse
    loader.exec_module(new_module)
  File "<frozen importlib._bootstrap_external>", line 843, in exec_module
  File "<frozen importlib._bootstrap>", line 219, in _call_with_frames_removed
  File "/opt/airflow/dags/ml_training.py", line 125, in <module>
    train_df, test_df = train_test_split_time(df)
  File "/home/airflow/.local/lib/python3.8/site-packages/airflow/models/xcom_arg.py", line 270, in __iter__
    raise TypeError("'XComArg' object is not iterable")
TypeError: 'XComArg' object is not iterable
[2026-01-23T17:11:30.406+0000] {processor.py:842} WARNING - No viable dags retrieved from /opt/airflow/dags/ml_training.py
[2026-01-23T17:11:30.460+0000] {processor.py:183} INFO - Processing /opt/airflow/dags/ml_training.py took 2.008 seconds
[2026-01-23T17:12:01.081+0000] {processor.py:161} INFO - Started process (PID=1195) to work on /opt/airflow/dags/ml_training.py
[2026-01-23T17:12:01.083+0000] {processor.py:830} INFO - Processing file /opt/airflow/dags/ml_training.py for tasks to queue
[2026-01-23T17:12:01.086+0000] {logging_mixin.py:188} INFO - [2026-01-23T17:12:01.084+0000] {dagbag.py:538} INFO - Filling up the DagBag from /opt/airflow/dags/ml_training.py
[2026-01-23T17:12:03.046+0000] {logging_mixin.py:188} INFO - [2026-01-23T17:12:03.030+0000] {dagbag.py:348} ERROR - Failed to import: /opt/airflow/dags/ml_training.py
Traceback (most recent call last):
  File "/home/airflow/.local/lib/python3.8/site-packages/airflow/models/dagbag.py", line 344, in parse
    loader.exec_module(new_module)
  File "<frozen importlib._bootstrap_external>", line 843, in exec_module
  File "<frozen importlib._bootstrap>", line 219, in _call_with_frames_removed
  File "/opt/airflow/dags/ml_training.py", line 125, in <module>
    train_df, test_df = train_test_split_time(df)
  File "/home/airflow/.local/lib/python3.8/site-packages/airflow/models/xcom_arg.py", line 270, in __iter__
    raise TypeError("'XComArg' object is not iterable")
TypeError: 'XComArg' object is not iterable
[2026-01-23T17:12:03.048+0000] {processor.py:842} WARNING - No viable dags retrieved from /opt/airflow/dags/ml_training.py
[2026-01-23T17:12:03.104+0000] {processor.py:183} INFO - Processing /opt/airflow/dags/ml_training.py took 2.036 seconds
[2026-01-23T17:12:33.470+0000] {processor.py:161} INFO - Started process (PID=1218) to work on /opt/airflow/dags/ml_training.py
[2026-01-23T17:12:33.473+0000] {processor.py:830} INFO - Processing file /opt/airflow/dags/ml_training.py for tasks to queue
[2026-01-23T17:12:33.477+0000] {logging_mixin.py:188} INFO - [2026-01-23T17:12:33.475+0000] {dagbag.py:538} INFO - Filling up the DagBag from /opt/airflow/dags/ml_training.py
[2026-01-23T17:12:35.597+0000] {logging_mixin.py:188} INFO - [2026-01-23T17:12:35.594+0000] {dagbag.py:348} ERROR - Failed to import: /opt/airflow/dags/ml_training.py
Traceback (most recent call last):
  File "/home/airflow/.local/lib/python3.8/site-packages/airflow/models/dagbag.py", line 344, in parse
    loader.exec_module(new_module)
  File "<frozen importlib._bootstrap_external>", line 843, in exec_module
  File "<frozen importlib._bootstrap>", line 219, in _call_with_frames_removed
  File "/opt/airflow/dags/ml_training.py", line 125, in <module>
    train_df, test_df = train_test_split_time(df)
  File "/home/airflow/.local/lib/python3.8/site-packages/airflow/models/xcom_arg.py", line 270, in __iter__
    raise TypeError("'XComArg' object is not iterable")
TypeError: 'XComArg' object is not iterable
[2026-01-23T17:12:35.599+0000] {processor.py:842} WARNING - No viable dags retrieved from /opt/airflow/dags/ml_training.py
[2026-01-23T17:12:35.657+0000] {processor.py:183} INFO - Processing /opt/airflow/dags/ml_training.py took 2.200 seconds
[2026-01-23T17:12:45.052+0000] {processor.py:161} INFO - Started process (PID=1230) to work on /opt/airflow/dags/ml_training.py
[2026-01-23T17:12:45.056+0000] {processor.py:830} INFO - Processing file /opt/airflow/dags/ml_training.py for tasks to queue
[2026-01-23T17:12:45.059+0000] {logging_mixin.py:188} INFO - [2026-01-23T17:12:45.058+0000] {dagbag.py:538} INFO - Filling up the DagBag from /opt/airflow/dags/ml_training.py
[2026-01-23T17:12:45.105+0000] {logging_mixin.py:188} INFO - [2026-01-23T17:12:45.082+0000] {dagbag.py:348} ERROR - Failed to import: /opt/airflow/dags/ml_training.py
Traceback (most recent call last):
  File "/home/airflow/.local/lib/python3.8/site-packages/airflow/models/dagbag.py", line 344, in parse
    loader.exec_module(new_module)
  File "<frozen importlib._bootstrap_external>", line 839, in exec_module
  File "<frozen importlib._bootstrap_external>", line 976, in get_code
  File "<frozen importlib._bootstrap_external>", line 906, in source_to_code
  File "<frozen importlib._bootstrap>", line 219, in _call_with_frames_removed
  File "/opt/airflow/dags/ml_training.py", line 32
    ):
     ^
SyntaxError: invalid syntax
[2026-01-23T17:12:45.235+0000] {processor.py:842} WARNING - No viable dags retrieved from /opt/airflow/dags/ml_training.py
[2026-01-23T17:12:45.499+0000] {processor.py:183} INFO - Processing /opt/airflow/dags/ml_training.py took 0.461 seconds
[2026-01-23T17:12:48.061+0000] {processor.py:161} INFO - Started process (PID=1235) to work on /opt/airflow/dags/ml_training.py
[2026-01-23T17:12:48.063+0000] {processor.py:830} INFO - Processing file /opt/airflow/dags/ml_training.py for tasks to queue
[2026-01-23T17:12:48.065+0000] {logging_mixin.py:188} INFO - [2026-01-23T17:12:48.065+0000] {dagbag.py:538} INFO - Filling up the DagBag from /opt/airflow/dags/ml_training.py
[2026-01-23T17:12:48.076+0000] {logging_mixin.py:188} INFO - [2026-01-23T17:12:48.075+0000] {dagbag.py:348} ERROR - Failed to import: /opt/airflow/dags/ml_training.py
Traceback (most recent call last):
  File "/home/airflow/.local/lib/python3.8/site-packages/airflow/models/dagbag.py", line 344, in parse
    loader.exec_module(new_module)
  File "<frozen importlib._bootstrap_external>", line 839, in exec_module
  File "<frozen importlib._bootstrap_external>", line 976, in get_code
  File "<frozen importlib._bootstrap_external>", line 906, in source_to_code
  File "<frozen importlib._bootstrap>", line 219, in _call_with_frames_removed
  File "/opt/airflow/dags/ml_training.py", line 37
    @task
    ^
IndentationError: unexpected indent
[2026-01-23T17:12:48.077+0000] {processor.py:842} WARNING - No viable dags retrieved from /opt/airflow/dags/ml_training.py
[2026-01-23T17:12:48.129+0000] {processor.py:183} INFO - Processing /opt/airflow/dags/ml_training.py took 0.076 seconds
[2026-01-23T17:13:18.502+0000] {processor.py:161} INFO - Started process (PID=1251) to work on /opt/airflow/dags/ml_training.py
[2026-01-23T17:13:18.504+0000] {processor.py:830} INFO - Processing file /opt/airflow/dags/ml_training.py for tasks to queue
[2026-01-23T17:13:18.506+0000] {logging_mixin.py:188} INFO - [2026-01-23T17:13:18.506+0000] {dagbag.py:538} INFO - Filling up the DagBag from /opt/airflow/dags/ml_training.py
[2026-01-23T17:13:18.517+0000] {logging_mixin.py:188} INFO - [2026-01-23T17:13:18.515+0000] {dagbag.py:348} ERROR - Failed to import: /opt/airflow/dags/ml_training.py
Traceback (most recent call last):
  File "/home/airflow/.local/lib/python3.8/site-packages/airflow/models/dagbag.py", line 344, in parse
    loader.exec_module(new_module)
  File "<frozen importlib._bootstrap_external>", line 839, in exec_module
  File "<frozen importlib._bootstrap_external>", line 976, in get_code
  File "<frozen importlib._bootstrap_external>", line 906, in source_to_code
  File "<frozen importlib._bootstrap>", line 219, in _call_with_frames_removed
  File "/opt/airflow/dags/ml_training.py", line 37
    @task
    ^
IndentationError: unexpected indent
[2026-01-23T17:13:18.518+0000] {processor.py:842} WARNING - No viable dags retrieved from /opt/airflow/dags/ml_training.py
[2026-01-23T17:13:18.573+0000] {processor.py:183} INFO - Processing /opt/airflow/dags/ml_training.py took 0.079 seconds
[2026-01-23T17:13:21.695+0000] {processor.py:161} INFO - Started process (PID=1259) to work on /opt/airflow/dags/ml_training.py
[2026-01-23T17:13:21.698+0000] {processor.py:830} INFO - Processing file /opt/airflow/dags/ml_training.py for tasks to queue
[2026-01-23T17:13:21.701+0000] {logging_mixin.py:188} INFO - [2026-01-23T17:13:21.700+0000] {dagbag.py:538} INFO - Filling up the DagBag from /opt/airflow/dags/ml_training.py
[2026-01-23T17:13:21.713+0000] {logging_mixin.py:188} INFO - [2026-01-23T17:13:21.711+0000] {dagbag.py:348} ERROR - Failed to import: /opt/airflow/dags/ml_training.py
Traceback (most recent call last):
  File "/home/airflow/.local/lib/python3.8/site-packages/airflow/models/dagbag.py", line 344, in parse
    loader.exec_module(new_module)
  File "<frozen importlib._bootstrap_external>", line 839, in exec_module
  File "<frozen importlib._bootstrap_external>", line 976, in get_code
  File "<frozen importlib._bootstrap_external>", line 906, in source_to_code
  File "<frozen importlib._bootstrap>", line 219, in _call_with_frames_removed
  File "/opt/airflow/dags/ml_training.py", line 36
    @task
    ^
IndentationError: unexpected indent
[2026-01-23T17:13:21.715+0000] {processor.py:842} WARNING - No viable dags retrieved from /opt/airflow/dags/ml_training.py
[2026-01-23T17:13:21.782+0000] {processor.py:183} INFO - Processing /opt/airflow/dags/ml_training.py took 0.096 seconds
[2026-01-23T17:13:29.819+0000] {processor.py:161} INFO - Started process (PID=1266) to work on /opt/airflow/dags/ml_training.py
[2026-01-23T17:13:29.822+0000] {processor.py:830} INFO - Processing file /opt/airflow/dags/ml_training.py for tasks to queue
[2026-01-23T17:13:29.825+0000] {logging_mixin.py:188} INFO - [2026-01-23T17:13:29.824+0000] {dagbag.py:538} INFO - Filling up the DagBag from /opt/airflow/dags/ml_training.py
[2026-01-23T17:13:29.840+0000] {logging_mixin.py:188} INFO - [2026-01-23T17:13:29.837+0000] {dagbag.py:348} ERROR - Failed to import: /opt/airflow/dags/ml_training.py
Traceback (most recent call last):
  File "/home/airflow/.local/lib/python3.8/site-packages/airflow/models/dagbag.py", line 344, in parse
    loader.exec_module(new_module)
  File "<frozen importlib._bootstrap_external>", line 839, in exec_module
  File "<frozen importlib._bootstrap_external>", line 976, in get_code
  File "<frozen importlib._bootstrap_external>", line 906, in source_to_code
  File "<frozen importlib._bootstrap>", line 219, in _call_with_frames_removed
  File "/opt/airflow/dags/ml_training.py", line 36
    @task
    ^
IndentationError: unexpected indent
[2026-01-23T17:13:29.841+0000] {processor.py:842} WARNING - No viable dags retrieved from /opt/airflow/dags/ml_training.py
[2026-01-23T17:13:29.903+0000] {processor.py:183} INFO - Processing /opt/airflow/dags/ml_training.py took 0.100 seconds
[2026-01-23T17:13:34.029+0000] {processor.py:161} INFO - Started process (PID=1277) to work on /opt/airflow/dags/ml_training.py
[2026-01-23T17:13:34.031+0000] {processor.py:830} INFO - Processing file /opt/airflow/dags/ml_training.py for tasks to queue
[2026-01-23T17:13:34.033+0000] {logging_mixin.py:188} INFO - [2026-01-23T17:13:34.033+0000] {dagbag.py:538} INFO - Filling up the DagBag from /opt/airflow/dags/ml_training.py
[2026-01-23T17:13:34.044+0000] {logging_mixin.py:188} INFO - [2026-01-23T17:13:34.043+0000] {dagbag.py:348} ERROR - Failed to import: /opt/airflow/dags/ml_training.py
Traceback (most recent call last):
  File "/home/airflow/.local/lib/python3.8/site-packages/airflow/models/dagbag.py", line 344, in parse
    loader.exec_module(new_module)
  File "<frozen importlib._bootstrap_external>", line 839, in exec_module
  File "<frozen importlib._bootstrap_external>", line 976, in get_code
  File "<frozen importlib._bootstrap_external>", line 906, in source_to_code
  File "<frozen importlib._bootstrap>", line 219, in _call_with_frames_removed
  File "/opt/airflow/dags/ml_training.py", line 36
    @task
    ^
IndentationError: unexpected indent
[2026-01-23T17:13:34.045+0000] {processor.py:842} WARNING - No viable dags retrieved from /opt/airflow/dags/ml_training.py
[2026-01-23T17:13:34.103+0000] {processor.py:183} INFO - Processing /opt/airflow/dags/ml_training.py took 0.082 seconds
[2026-01-23T17:13:42.157+0000] {processor.py:161} INFO - Started process (PID=1282) to work on /opt/airflow/dags/ml_training.py
[2026-01-23T17:13:42.159+0000] {processor.py:830} INFO - Processing file /opt/airflow/dags/ml_training.py for tasks to queue
[2026-01-23T17:13:42.163+0000] {logging_mixin.py:188} INFO - [2026-01-23T17:13:42.162+0000] {dagbag.py:538} INFO - Filling up the DagBag from /opt/airflow/dags/ml_training.py
[2026-01-23T17:13:42.174+0000] {logging_mixin.py:188} INFO - [2026-01-23T17:13:42.173+0000] {dagbag.py:348} ERROR - Failed to import: /opt/airflow/dags/ml_training.py
Traceback (most recent call last):
  File "/home/airflow/.local/lib/python3.8/site-packages/airflow/models/dagbag.py", line 344, in parse
    loader.exec_module(new_module)
  File "<frozen importlib._bootstrap_external>", line 839, in exec_module
  File "<frozen importlib._bootstrap_external>", line 976, in get_code
  File "<frozen importlib._bootstrap_external>", line 906, in source_to_code
  File "<frozen importlib._bootstrap>", line 219, in _call_with_frames_removed
  File "/opt/airflow/dags/ml_training.py", line 36
    @task
    ^
IndentationError: unexpected indent
[2026-01-23T17:13:42.175+0000] {processor.py:842} WARNING - No viable dags retrieved from /opt/airflow/dags/ml_training.py
[2026-01-23T17:13:42.227+0000] {processor.py:183} INFO - Processing /opt/airflow/dags/ml_training.py took 0.079 seconds
[2026-01-23T17:13:50.284+0000] {processor.py:161} INFO - Started process (PID=1287) to work on /opt/airflow/dags/ml_training.py
[2026-01-23T17:13:50.286+0000] {processor.py:830} INFO - Processing file /opt/airflow/dags/ml_training.py for tasks to queue
[2026-01-23T17:13:50.288+0000] {logging_mixin.py:188} INFO - [2026-01-23T17:13:50.287+0000] {dagbag.py:538} INFO - Filling up the DagBag from /opt/airflow/dags/ml_training.py
[2026-01-23T17:13:50.298+0000] {logging_mixin.py:188} INFO - [2026-01-23T17:13:50.297+0000] {dagbag.py:348} ERROR - Failed to import: /opt/airflow/dags/ml_training.py
Traceback (most recent call last):
  File "/home/airflow/.local/lib/python3.8/site-packages/airflow/models/dagbag.py", line 344, in parse
    loader.exec_module(new_module)
  File "<frozen importlib._bootstrap_external>", line 839, in exec_module
  File "<frozen importlib._bootstrap_external>", line 976, in get_code
  File "<frozen importlib._bootstrap_external>", line 906, in source_to_code
  File "<frozen importlib._bootstrap>", line 219, in _call_with_frames_removed
  File "/opt/airflow/dags/ml_training.py", line 26
    dag_id="ml_random_forest_from_gold",
          ^
SyntaxError: invalid syntax
[2026-01-23T17:13:50.299+0000] {processor.py:842} WARNING - No viable dags retrieved from /opt/airflow/dags/ml_training.py
[2026-01-23T17:13:50.378+0000] {processor.py:183} INFO - Processing /opt/airflow/dags/ml_training.py took 0.102 seconds
[2026-01-23T17:13:54.521+0000] {processor.py:161} INFO - Started process (PID=1297) to work on /opt/airflow/dags/ml_training.py
[2026-01-23T17:13:54.524+0000] {processor.py:830} INFO - Processing file /opt/airflow/dags/ml_training.py for tasks to queue
[2026-01-23T17:13:54.528+0000] {logging_mixin.py:188} INFO - [2026-01-23T17:13:54.527+0000] {dagbag.py:538} INFO - Filling up the DagBag from /opt/airflow/dags/ml_training.py
[2026-01-23T17:13:54.543+0000] {logging_mixin.py:188} INFO - [2026-01-23T17:13:54.541+0000] {dagbag.py:348} ERROR - Failed to import: /opt/airflow/dags/ml_training.py
Traceback (most recent call last):
  File "/home/airflow/.local/lib/python3.8/site-packages/airflow/models/dagbag.py", line 344, in parse
    loader.exec_module(new_module)
  File "<frozen importlib._bootstrap_external>", line 839, in exec_module
  File "<frozen importlib._bootstrap_external>", line 976, in get_code
  File "<frozen importlib._bootstrap_external>", line 906, in source_to_code
  File "<frozen importlib._bootstrap>", line 219, in _call_with_frames_removed
  File "/opt/airflow/dags/ml_training.py", line 25
    @(
     ^
SyntaxError: invalid syntax
[2026-01-23T17:13:54.545+0000] {processor.py:842} WARNING - No viable dags retrieved from /opt/airflow/dags/ml_training.py
[2026-01-23T17:13:54.635+0000] {processor.py:183} INFO - Processing /opt/airflow/dags/ml_training.py took 0.126 seconds
[2026-01-23T17:13:56.731+0000] {processor.py:161} INFO - Started process (PID=1302) to work on /opt/airflow/dags/ml_training.py
[2026-01-23T17:13:56.734+0000] {processor.py:830} INFO - Processing file /opt/airflow/dags/ml_training.py for tasks to queue
[2026-01-23T17:13:56.737+0000] {logging_mixin.py:188} INFO - [2026-01-23T17:13:56.735+0000] {dagbag.py:538} INFO - Filling up the DagBag from /opt/airflow/dags/ml_training.py
[2026-01-23T17:13:56.749+0000] {logging_mixin.py:188} INFO - [2026-01-23T17:13:56.747+0000] {dagbag.py:348} ERROR - Failed to import: /opt/airflow/dags/ml_training.py
Traceback (most recent call last):
  File "/home/airflow/.local/lib/python3.8/site-packages/airflow/models/dagbag.py", line 344, in parse
    loader.exec_module(new_module)
  File "<frozen importlib._bootstrap_external>", line 839, in exec_module
  File "<frozen importlib._bootstrap_external>", line 976, in get_code
  File "<frozen importlib._bootstrap_external>", line 906, in source_to_code
  File "<frozen importlib._bootstrap>", line 219, in _call_with_frames_removed
  File "/opt/airflow/dags/ml_training.py", line 36
    @task
    ^
IndentationError: unexpected indent
[2026-01-23T17:13:56.751+0000] {processor.py:842} WARNING - No viable dags retrieved from /opt/airflow/dags/ml_training.py
[2026-01-23T17:13:56.877+0000] {processor.py:183} INFO - Processing /opt/airflow/dags/ml_training.py took 0.158 seconds
[2026-01-23T17:14:18.148+0000] {processor.py:161} INFO - Started process (PID=1313) to work on /opt/airflow/dags/ml_training.py
[2026-01-23T17:14:18.151+0000] {processor.py:830} INFO - Processing file /opt/airflow/dags/ml_training.py for tasks to queue
[2026-01-23T17:14:18.153+0000] {logging_mixin.py:188} INFO - [2026-01-23T17:14:18.152+0000] {dagbag.py:538} INFO - Filling up the DagBag from /opt/airflow/dags/ml_training.py
[2026-01-23T17:14:18.164+0000] {logging_mixin.py:188} INFO - [2026-01-23T17:14:18.162+0000] {dagbag.py:348} ERROR - Failed to import: /opt/airflow/dags/ml_training.py
Traceback (most recent call last):
  File "/home/airflow/.local/lib/python3.8/site-packages/airflow/models/dagbag.py", line 344, in parse
    loader.exec_module(new_module)
  File "<frozen importlib._bootstrap_external>", line 839, in exec_module
  File "<frozen importlib._bootstrap_external>", line 976, in get_code
  File "<frozen importlib._bootstrap_external>", line 906, in source_to_code
  File "<frozen importlib._bootstrap>", line 219, in _call_with_frames_removed
  File "/opt/airflow/dags/ml_training.py", line 37
    def load_gold_data():
    ^
IndentationError: unexpected indent
[2026-01-23T17:14:18.165+0000] {processor.py:842} WARNING - No viable dags retrieved from /opt/airflow/dags/ml_training.py
[2026-01-23T17:14:18.284+0000] {processor.py:183} INFO - Processing /opt/airflow/dags/ml_training.py took 0.143 seconds
[2026-01-23T17:14:21.364+0000] {processor.py:161} INFO - Started process (PID=1318) to work on /opt/airflow/dags/ml_training.py
[2026-01-23T17:14:21.369+0000] {processor.py:830} INFO - Processing file /opt/airflow/dags/ml_training.py for tasks to queue
[2026-01-23T17:14:21.376+0000] {logging_mixin.py:188} INFO - [2026-01-23T17:14:21.375+0000] {dagbag.py:538} INFO - Filling up the DagBag from /opt/airflow/dags/ml_training.py
[2026-01-23T17:14:21.394+0000] {logging_mixin.py:188} INFO - [2026-01-23T17:14:21.393+0000] {dagbag.py:348} ERROR - Failed to import: /opt/airflow/dags/ml_training.py
Traceback (most recent call last):
  File "/home/airflow/.local/lib/python3.8/site-packages/airflow/models/dagbag.py", line 344, in parse
    loader.exec_module(new_module)
  File "<frozen importlib._bootstrap_external>", line 839, in exec_module
  File "<frozen importlib._bootstrap_external>", line 976, in get_code
  File "<frozen importlib._bootstrap_external>", line 906, in source_to_code
  File "<frozen importlib._bootstrap>", line 219, in _call_with_frames_removed
  File "/opt/airflow/dags/ml_training.py", line 49
    @task
        ^
IndentationError: unindent does not match any outer indentation level
[2026-01-23T17:14:21.395+0000] {processor.py:842} WARNING - No viable dags retrieved from /opt/airflow/dags/ml_training.py
[2026-01-23T17:14:21.522+0000] {processor.py:183} INFO - Processing /opt/airflow/dags/ml_training.py took 0.168 seconds
[2026-01-23T17:14:25.425+0000] {processor.py:161} INFO - Started process (PID=1328) to work on /opt/airflow/dags/ml_training.py
[2026-01-23T17:14:25.431+0000] {processor.py:830} INFO - Processing file /opt/airflow/dags/ml_training.py for tasks to queue
[2026-01-23T17:14:25.442+0000] {logging_mixin.py:188} INFO - [2026-01-23T17:14:25.440+0000] {dagbag.py:538} INFO - Filling up the DagBag from /opt/airflow/dags/ml_training.py
[2026-01-23T17:14:25.464+0000] {logging_mixin.py:188} INFO - [2026-01-23T17:14:25.462+0000] {dagbag.py:348} ERROR - Failed to import: /opt/airflow/dags/ml_training.py
Traceback (most recent call last):
  File "/home/airflow/.local/lib/python3.8/site-packages/airflow/models/dagbag.py", line 344, in parse
    loader.exec_module(new_module)
  File "<frozen importlib._bootstrap_external>", line 839, in exec_module
  File "<frozen importlib._bootstrap_external>", line 976, in get_code
  File "<frozen importlib._bootstrap_external>", line 906, in source_to_code
  File "<frozen importlib._bootstrap>", line 219, in _call_with_frames_removed
  File "/opt/airflow/dags/ml_training.py", line 50
    def train_test_split_time(df, train_ratio=0.8):
    ^
IndentationError: unexpected indent
[2026-01-23T17:14:25.466+0000] {processor.py:842} WARNING - No viable dags retrieved from /opt/airflow/dags/ml_training.py
[2026-01-23T17:14:25.583+0000] {processor.py:183} INFO - Processing /opt/airflow/dags/ml_training.py took 0.171 seconds
[2026-01-23T17:14:27.598+0000] {processor.py:161} INFO - Started process (PID=1333) to work on /opt/airflow/dags/ml_training.py
[2026-01-23T17:14:27.601+0000] {processor.py:830} INFO - Processing file /opt/airflow/dags/ml_training.py for tasks to queue
[2026-01-23T17:14:27.605+0000] {logging_mixin.py:188} INFO - [2026-01-23T17:14:27.604+0000] {dagbag.py:538} INFO - Filling up the DagBag from /opt/airflow/dags/ml_training.py
[2026-01-23T17:14:27.618+0000] {logging_mixin.py:188} INFO - [2026-01-23T17:14:27.616+0000] {dagbag.py:348} ERROR - Failed to import: /opt/airflow/dags/ml_training.py
Traceback (most recent call last):
  File "/home/airflow/.local/lib/python3.8/site-packages/airflow/models/dagbag.py", line 344, in parse
    loader.exec_module(new_module)
  File "<frozen importlib._bootstrap_external>", line 839, in exec_module
  File "<frozen importlib._bootstrap_external>", line 976, in get_code
  File "<frozen importlib._bootstrap_external>", line 906, in source_to_code
  File "<frozen importlib._bootstrap>", line 219, in _call_with_frames_removed
  File "/opt/airflow/dags/ml_training.py", line 62
    @task
        ^
IndentationError: unindent does not match any outer indentation level
[2026-01-23T17:14:27.620+0000] {processor.py:842} WARNING - No viable dags retrieved from /opt/airflow/dags/ml_training.py
[2026-01-23T17:14:27.684+0000] {processor.py:183} INFO - Processing /opt/airflow/dags/ml_training.py took 0.095 seconds
[2026-01-23T17:14:32.800+0000] {processor.py:161} INFO - Started process (PID=1338) to work on /opt/airflow/dags/ml_training.py
[2026-01-23T17:14:32.803+0000] {processor.py:830} INFO - Processing file /opt/airflow/dags/ml_training.py for tasks to queue
[2026-01-23T17:14:32.807+0000] {logging_mixin.py:188} INFO - [2026-01-23T17:14:32.806+0000] {dagbag.py:538} INFO - Filling up the DagBag from /opt/airflow/dags/ml_training.py
[2026-01-23T17:14:32.834+0000] {logging_mixin.py:188} INFO - [2026-01-23T17:14:32.832+0000] {dagbag.py:348} ERROR - Failed to import: /opt/airflow/dags/ml_training.py
Traceback (most recent call last):
  File "/home/airflow/.local/lib/python3.8/site-packages/airflow/models/dagbag.py", line 344, in parse
    loader.exec_module(new_module)
  File "<frozen importlib._bootstrap_external>", line 839, in exec_module
  File "<frozen importlib._bootstrap_external>", line 976, in get_code
  File "<frozen importlib._bootstrap_external>", line 906, in source_to_code
  File "<frozen importlib._bootstrap>", line 219, in _call_with_frames_removed
  File "/opt/airflow/dags/ml_training.py", line 63
    def spark_to_xy(train_df, test_df):
    ^
IndentationError: unexpected indent
[2026-01-23T17:14:32.837+0000] {processor.py:842} WARNING - No viable dags retrieved from /opt/airflow/dags/ml_training.py
[2026-01-23T17:14:32.917+0000] {processor.py:183} INFO - Processing /opt/airflow/dags/ml_training.py took 0.151 seconds
[2026-01-23T17:14:34.896+0000] {processor.py:161} INFO - Started process (PID=1343) to work on /opt/airflow/dags/ml_training.py
[2026-01-23T17:14:34.903+0000] {processor.py:830} INFO - Processing file /opt/airflow/dags/ml_training.py for tasks to queue
[2026-01-23T17:14:34.908+0000] {logging_mixin.py:188} INFO - [2026-01-23T17:14:34.906+0000] {dagbag.py:538} INFO - Filling up the DagBag from /opt/airflow/dags/ml_training.py
[2026-01-23T17:14:34.927+0000] {logging_mixin.py:188} INFO - [2026-01-23T17:14:34.925+0000] {dagbag.py:348} ERROR - Failed to import: /opt/airflow/dags/ml_training.py
Traceback (most recent call last):
  File "/home/airflow/.local/lib/python3.8/site-packages/airflow/models/dagbag.py", line 344, in parse
    loader.exec_module(new_module)
  File "<frozen importlib._bootstrap_external>", line 839, in exec_module
  File "<frozen importlib._bootstrap_external>", line 976, in get_code
  File "<frozen importlib._bootstrap_external>", line 906, in source_to_code
  File "<frozen importlib._bootstrap>", line 219, in _call_with_frames_removed
  File "/opt/airflow/dags/ml_training.py", line 78
    @task
        ^
IndentationError: unindent does not match any outer indentation level
[2026-01-23T17:14:34.929+0000] {processor.py:842} WARNING - No viable dags retrieved from /opt/airflow/dags/ml_training.py
[2026-01-23T17:14:35.078+0000] {processor.py:183} INFO - Processing /opt/airflow/dags/ml_training.py took 0.198 seconds
[2026-01-23T17:14:44.238+0000] {processor.py:161} INFO - Started process (PID=1354) to work on /opt/airflow/dags/ml_training.py
[2026-01-23T17:14:44.240+0000] {processor.py:830} INFO - Processing file /opt/airflow/dags/ml_training.py for tasks to queue
[2026-01-23T17:14:44.242+0000] {logging_mixin.py:188} INFO - [2026-01-23T17:14:44.242+0000] {dagbag.py:538} INFO - Filling up the DagBag from /opt/airflow/dags/ml_training.py
[2026-01-23T17:14:44.255+0000] {logging_mixin.py:188} INFO - [2026-01-23T17:14:44.253+0000] {dagbag.py:348} ERROR - Failed to import: /opt/airflow/dags/ml_training.py
Traceback (most recent call last):
  File "/home/airflow/.local/lib/python3.8/site-packages/airflow/models/dagbag.py", line 344, in parse
    loader.exec_module(new_module)
  File "<frozen importlib._bootstrap_external>", line 839, in exec_module
  File "<frozen importlib._bootstrap_external>", line 976, in get_code
  File "<frozen importlib._bootstrap_external>", line 906, in source_to_code
  File "<frozen importlib._bootstrap>", line 219, in _call_with_frames_removed
  File "/opt/airflow/dags/ml_training.py", line 79
    def train_random_forest(X_train, y_train):
    ^
IndentationError: unexpected indent
[2026-01-23T17:14:44.256+0000] {processor.py:842} WARNING - No viable dags retrieved from /opt/airflow/dags/ml_training.py
[2026-01-23T17:14:44.318+0000] {processor.py:183} INFO - Processing /opt/airflow/dags/ml_training.py took 0.091 seconds
[2026-01-23T17:14:47.282+0000] {processor.py:161} INFO - Started process (PID=1359) to work on /opt/airflow/dags/ml_training.py
[2026-01-23T17:14:47.289+0000] {processor.py:830} INFO - Processing file /opt/airflow/dags/ml_training.py for tasks to queue
[2026-01-23T17:14:47.292+0000] {logging_mixin.py:188} INFO - [2026-01-23T17:14:47.292+0000] {dagbag.py:538} INFO - Filling up the DagBag from /opt/airflow/dags/ml_training.py
[2026-01-23T17:14:47.310+0000] {logging_mixin.py:188} INFO - [2026-01-23T17:14:47.309+0000] {dagbag.py:348} ERROR - Failed to import: /opt/airflow/dags/ml_training.py
Traceback (most recent call last):
  File "/home/airflow/.local/lib/python3.8/site-packages/airflow/models/dagbag.py", line 344, in parse
    loader.exec_module(new_module)
  File "<frozen importlib._bootstrap_external>", line 839, in exec_module
  File "<frozen importlib._bootstrap_external>", line 976, in get_code
  File "<frozen importlib._bootstrap_external>", line 906, in source_to_code
  File "<frozen importlib._bootstrap>", line 219, in _call_with_frames_removed
  File "/opt/airflow/dags/ml_training.py", line 94
    @task
        ^
IndentationError: unindent does not match any outer indentation level
[2026-01-23T17:14:47.312+0000] {processor.py:842} WARNING - No viable dags retrieved from /opt/airflow/dags/ml_training.py
[2026-01-23T17:14:47.429+0000] {processor.py:183} INFO - Processing /opt/airflow/dags/ml_training.py took 0.157 seconds
[2026-01-23T17:14:51.477+0000] {processor.py:161} INFO - Started process (PID=1364) to work on /opt/airflow/dags/ml_training.py
[2026-01-23T17:14:51.480+0000] {processor.py:830} INFO - Processing file /opt/airflow/dags/ml_training.py for tasks to queue
[2026-01-23T17:14:51.482+0000] {logging_mixin.py:188} INFO - [2026-01-23T17:14:51.481+0000] {dagbag.py:538} INFO - Filling up the DagBag from /opt/airflow/dags/ml_training.py
[2026-01-23T17:14:51.493+0000] {logging_mixin.py:188} INFO - [2026-01-23T17:14:51.492+0000] {dagbag.py:348} ERROR - Failed to import: /opt/airflow/dags/ml_training.py
Traceback (most recent call last):
  File "/home/airflow/.local/lib/python3.8/site-packages/airflow/models/dagbag.py", line 344, in parse
    loader.exec_module(new_module)
  File "<frozen importlib._bootstrap_external>", line 839, in exec_module
  File "<frozen importlib._bootstrap_external>", line 976, in get_code
  File "<frozen importlib._bootstrap_external>", line 906, in source_to_code
  File "<frozen importlib._bootstrap>", line 219, in _call_with_frames_removed
  File "/opt/airflow/dags/ml_training.py", line 95
    def evaluate_model(model, X_test, y_test):
    ^
IndentationError: unexpected indent
[2026-01-23T17:14:51.494+0000] {processor.py:842} WARNING - No viable dags retrieved from /opt/airflow/dags/ml_training.py
[2026-01-23T17:14:51.548+0000] {processor.py:183} INFO - Processing /opt/airflow/dags/ml_training.py took 0.078 seconds
[2026-01-23T17:14:53.656+0000] {processor.py:161} INFO - Started process (PID=1369) to work on /opt/airflow/dags/ml_training.py
[2026-01-23T17:14:53.667+0000] {processor.py:830} INFO - Processing file /opt/airflow/dags/ml_training.py for tasks to queue
[2026-01-23T17:14:53.675+0000] {logging_mixin.py:188} INFO - [2026-01-23T17:14:53.673+0000] {dagbag.py:538} INFO - Filling up the DagBag from /opt/airflow/dags/ml_training.py
[2026-01-23T17:14:53.693+0000] {logging_mixin.py:188} INFO - [2026-01-23T17:14:53.691+0000] {dagbag.py:348} ERROR - Failed to import: /opt/airflow/dags/ml_training.py
Traceback (most recent call last):
  File "/home/airflow/.local/lib/python3.8/site-packages/airflow/models/dagbag.py", line 344, in parse
    loader.exec_module(new_module)
  File "<frozen importlib._bootstrap_external>", line 839, in exec_module
  File "<frozen importlib._bootstrap_external>", line 976, in get_code
  File "<frozen importlib._bootstrap_external>", line 906, in source_to_code
  File "<frozen importlib._bootstrap>", line 219, in _call_with_frames_removed
  File "/opt/airflow/dags/ml_training.py", line 115
    @task
        ^
IndentationError: unindent does not match any outer indentation level
[2026-01-23T17:14:53.696+0000] {processor.py:842} WARNING - No viable dags retrieved from /opt/airflow/dags/ml_training.py
[2026-01-23T17:14:53.804+0000] {processor.py:183} INFO - Processing /opt/airflow/dags/ml_training.py took 0.163 seconds
[2026-01-23T17:15:24.183+0000] {processor.py:161} INFO - Started process (PID=1385) to work on /opt/airflow/dags/ml_training.py
[2026-01-23T17:15:24.186+0000] {processor.py:830} INFO - Processing file /opt/airflow/dags/ml_training.py for tasks to queue
[2026-01-23T17:15:24.190+0000] {logging_mixin.py:188} INFO - [2026-01-23T17:15:24.189+0000] {dagbag.py:538} INFO - Filling up the DagBag from /opt/airflow/dags/ml_training.py
[2026-01-23T17:15:24.211+0000] {logging_mixin.py:188} INFO - [2026-01-23T17:15:24.208+0000] {dagbag.py:348} ERROR - Failed to import: /opt/airflow/dags/ml_training.py
Traceback (most recent call last):
  File "/home/airflow/.local/lib/python3.8/site-packages/airflow/models/dagbag.py", line 344, in parse
    loader.exec_module(new_module)
  File "<frozen importlib._bootstrap_external>", line 839, in exec_module
  File "<frozen importlib._bootstrap_external>", line 976, in get_code
  File "<frozen importlib._bootstrap_external>", line 906, in source_to_code
  File "<frozen importlib._bootstrap>", line 219, in _call_with_frames_removed
  File "/opt/airflow/dags/ml_training.py", line 115
    @task
        ^
IndentationError: unindent does not match any outer indentation level
[2026-01-23T17:15:24.213+0000] {processor.py:842} WARNING - No viable dags retrieved from /opt/airflow/dags/ml_training.py
[2026-01-23T17:15:24.324+0000] {processor.py:183} INFO - Processing /opt/airflow/dags/ml_training.py took 0.155 seconds
[2026-01-23T17:15:26.441+0000] {processor.py:161} INFO - Started process (PID=1395) to work on /opt/airflow/dags/ml_training.py
[2026-01-23T17:15:26.443+0000] {processor.py:830} INFO - Processing file /opt/airflow/dags/ml_training.py for tasks to queue
[2026-01-23T17:15:26.445+0000] {logging_mixin.py:188} INFO - [2026-01-23T17:15:26.445+0000] {dagbag.py:538} INFO - Filling up the DagBag from /opt/airflow/dags/ml_training.py
[2026-01-23T17:15:26.456+0000] {logging_mixin.py:188} INFO - [2026-01-23T17:15:26.454+0000] {dagbag.py:348} ERROR - Failed to import: /opt/airflow/dags/ml_training.py
Traceback (most recent call last):
  File "/home/airflow/.local/lib/python3.8/site-packages/airflow/models/dagbag.py", line 344, in parse
    loader.exec_module(new_module)
  File "<frozen importlib._bootstrap_external>", line 839, in exec_module
  File "<frozen importlib._bootstrap_external>", line 976, in get_code
  File "<frozen importlib._bootstrap_external>", line 906, in source_to_code
  File "<frozen importlib._bootstrap>", line 219, in _call_with_frames_removed
  File "/opt/airflow/dags/ml_training.py", line 116
    def save_model(model):
    ^
IndentationError: unexpected indent
[2026-01-23T17:15:26.457+0000] {processor.py:842} WARNING - No viable dags retrieved from /opt/airflow/dags/ml_training.py
[2026-01-23T17:15:26.506+0000] {processor.py:183} INFO - Processing /opt/airflow/dags/ml_training.py took 0.073 seconds
[2026-01-23T17:15:28.579+0000] {processor.py:161} INFO - Started process (PID=1400) to work on /opt/airflow/dags/ml_training.py
[2026-01-23T17:15:28.582+0000] {processor.py:830} INFO - Processing file /opt/airflow/dags/ml_training.py for tasks to queue
[2026-01-23T17:15:28.585+0000] {logging_mixin.py:188} INFO - [2026-01-23T17:15:28.584+0000] {dagbag.py:538} INFO - Filling up the DagBag from /opt/airflow/dags/ml_training.py
[2026-01-23T17:15:28.597+0000] {logging_mixin.py:188} INFO - [2026-01-23T17:15:28.595+0000] {dagbag.py:348} ERROR - Failed to import: /opt/airflow/dags/ml_training.py
Traceback (most recent call last):
  File "/home/airflow/.local/lib/python3.8/site-packages/airflow/models/dagbag.py", line 344, in parse
    loader.exec_module(new_module)
  File "<frozen importlib._bootstrap_external>", line 839, in exec_module
  File "<frozen importlib._bootstrap_external>", line 976, in get_code
  File "<frozen importlib._bootstrap_external>", line 906, in source_to_code
  File "<frozen importlib._bootstrap>", line 219, in _call_with_frames_removed
  File "/opt/airflow/dags/ml_training.py", line 123
    df = load_gold_data()
                        ^
IndentationError: unindent does not match any outer indentation level
[2026-01-23T17:15:28.606+0000] {processor.py:842} WARNING - No viable dags retrieved from /opt/airflow/dags/ml_training.py
[2026-01-23T17:15:28.695+0000] {processor.py:183} INFO - Processing /opt/airflow/dags/ml_training.py took 0.124 seconds
[2026-01-23T17:15:58.858+0000] {processor.py:161} INFO - Started process (PID=1416) to work on /opt/airflow/dags/ml_training.py
[2026-01-23T17:15:58.859+0000] {processor.py:830} INFO - Processing file /opt/airflow/dags/ml_training.py for tasks to queue
[2026-01-23T17:15:58.860+0000] {logging_mixin.py:188} INFO - [2026-01-23T17:15:58.860+0000] {dagbag.py:538} INFO - Filling up the DagBag from /opt/airflow/dags/ml_training.py
[2026-01-23T17:15:58.866+0000] {logging_mixin.py:188} INFO - [2026-01-23T17:15:58.866+0000] {dagbag.py:348} ERROR - Failed to import: /opt/airflow/dags/ml_training.py
Traceback (most recent call last):
  File "/home/airflow/.local/lib/python3.8/site-packages/airflow/models/dagbag.py", line 344, in parse
    loader.exec_module(new_module)
  File "<frozen importlib._bootstrap_external>", line 839, in exec_module
  File "<frozen importlib._bootstrap_external>", line 976, in get_code
  File "<frozen importlib._bootstrap_external>", line 906, in source_to_code
  File "<frozen importlib._bootstrap>", line 219, in _call_with_frames_removed
  File "/opt/airflow/dags/ml_training.py", line 123
    df = load_gold_data()
                        ^
IndentationError: unindent does not match any outer indentation level
[2026-01-23T17:15:58.867+0000] {processor.py:842} WARNING - No viable dags retrieved from /opt/airflow/dags/ml_training.py
[2026-01-23T17:15:58.899+0000] {processor.py:183} INFO - Processing /opt/airflow/dags/ml_training.py took 0.045 seconds
[2026-01-23T17:16:29.087+0000] {processor.py:161} INFO - Started process (PID=1432) to work on /opt/airflow/dags/ml_training.py
[2026-01-23T17:16:29.088+0000] {processor.py:830} INFO - Processing file /opt/airflow/dags/ml_training.py for tasks to queue
[2026-01-23T17:16:29.089+0000] {logging_mixin.py:188} INFO - [2026-01-23T17:16:29.089+0000] {dagbag.py:538} INFO - Filling up the DagBag from /opt/airflow/dags/ml_training.py
[2026-01-23T17:16:29.095+0000] {logging_mixin.py:188} INFO - [2026-01-23T17:16:29.095+0000] {dagbag.py:348} ERROR - Failed to import: /opt/airflow/dags/ml_training.py
Traceback (most recent call last):
  File "/home/airflow/.local/lib/python3.8/site-packages/airflow/models/dagbag.py", line 344, in parse
    loader.exec_module(new_module)
  File "<frozen importlib._bootstrap_external>", line 839, in exec_module
  File "<frozen importlib._bootstrap_external>", line 976, in get_code
  File "<frozen importlib._bootstrap_external>", line 906, in source_to_code
  File "<frozen importlib._bootstrap>", line 219, in _call_with_frames_removed
  File "/opt/airflow/dags/ml_training.py", line 123
    df = load_gold_data()
                        ^
IndentationError: unindent does not match any outer indentation level
[2026-01-23T17:16:29.096+0000] {processor.py:842} WARNING - No viable dags retrieved from /opt/airflow/dags/ml_training.py
[2026-01-23T17:16:29.128+0000] {processor.py:183} INFO - Processing /opt/airflow/dags/ml_training.py took 0.045 seconds
[2026-01-23T17:16:50.831+0000] {processor.py:161} INFO - Started process (PID=1443) to work on /opt/airflow/dags/ml_training.py
[2026-01-23T17:16:50.832+0000] {processor.py:830} INFO - Processing file /opt/airflow/dags/ml_training.py for tasks to queue
[2026-01-23T17:16:50.833+0000] {logging_mixin.py:188} INFO - [2026-01-23T17:16:50.833+0000] {dagbag.py:538} INFO - Filling up the DagBag from /opt/airflow/dags/ml_training.py
[2026-01-23T17:16:50.840+0000] {logging_mixin.py:188} INFO - [2026-01-23T17:16:50.839+0000] {dagbag.py:348} ERROR - Failed to import: /opt/airflow/dags/ml_training.py
Traceback (most recent call last):
  File "/home/airflow/.local/lib/python3.8/site-packages/airflow/models/dagbag.py", line 344, in parse
    loader.exec_module(new_module)
  File "<frozen importlib._bootstrap_external>", line 839, in exec_module
  File "<frozen importlib._bootstrap_external>", line 976, in get_code
  File "<frozen importlib._bootstrap_external>", line 906, in source_to_code
  File "<frozen importlib._bootstrap>", line 219, in _call_with_frames_removed
  File "/opt/airflow/dags/ml_training.py", line 118
    print("Modèle Random Forest sauvegardé")
    ^
IndentationError: unexpected indent
[2026-01-23T17:16:50.841+0000] {processor.py:842} WARNING - No viable dags retrieved from /opt/airflow/dags/ml_training.py
[2026-01-23T17:16:50.887+0000] {processor.py:183} INFO - Processing /opt/airflow/dags/ml_training.py took 0.061 seconds
[2026-01-23T17:16:53.854+0000] {processor.py:161} INFO - Started process (PID=1448) to work on /opt/airflow/dags/ml_training.py
[2026-01-23T17:16:53.855+0000] {processor.py:830} INFO - Processing file /opt/airflow/dags/ml_training.py for tasks to queue
[2026-01-23T17:16:53.856+0000] {logging_mixin.py:188} INFO - [2026-01-23T17:16:53.856+0000] {dagbag.py:538} INFO - Filling up the DagBag from /opt/airflow/dags/ml_training.py
[2026-01-23T17:16:54.738+0000] {processor.py:842} WARNING - No viable dags retrieved from /opt/airflow/dags/ml_training.py
[2026-01-23T17:16:54.764+0000] {processor.py:183} INFO - Processing /opt/airflow/dags/ml_training.py took 0.914 seconds
[2026-01-23T17:17:25.109+0000] {processor.py:161} INFO - Started process (PID=1471) to work on /opt/airflow/dags/ml_training.py
[2026-01-23T17:17:25.111+0000] {processor.py:830} INFO - Processing file /opt/airflow/dags/ml_training.py for tasks to queue
[2026-01-23T17:17:25.117+0000] {logging_mixin.py:188} INFO - [2026-01-23T17:17:25.116+0000] {dagbag.py:538} INFO - Filling up the DagBag from /opt/airflow/dags/ml_training.py
[2026-01-23T17:17:26.522+0000] {processor.py:842} WARNING - No viable dags retrieved from /opt/airflow/dags/ml_training.py
[2026-01-23T17:17:26.541+0000] {processor.py:183} INFO - Processing /opt/airflow/dags/ml_training.py took 1.440 seconds
[2026-01-23T17:17:57.478+0000] {processor.py:161} INFO - Started process (PID=1499) to work on /opt/airflow/dags/ml_training.py
[2026-01-23T17:17:57.480+0000] {processor.py:830} INFO - Processing file /opt/airflow/dags/ml_training.py for tasks to queue
[2026-01-23T17:17:57.482+0000] {logging_mixin.py:188} INFO - [2026-01-23T17:17:57.481+0000] {dagbag.py:538} INFO - Filling up the DagBag from /opt/airflow/dags/ml_training.py
[2026-01-23T17:17:58.461+0000] {processor.py:842} WARNING - No viable dags retrieved from /opt/airflow/dags/ml_training.py
[2026-01-23T17:17:58.482+0000] {processor.py:183} INFO - Processing /opt/airflow/dags/ml_training.py took 1.008 seconds
[2026-01-23T17:18:28.717+0000] {processor.py:161} INFO - Started process (PID=1522) to work on /opt/airflow/dags/ml_training.py
[2026-01-23T17:18:28.720+0000] {processor.py:830} INFO - Processing file /opt/airflow/dags/ml_training.py for tasks to queue
[2026-01-23T17:18:28.722+0000] {logging_mixin.py:188} INFO - [2026-01-23T17:18:28.721+0000] {dagbag.py:538} INFO - Filling up the DagBag from /opt/airflow/dags/ml_training.py
[2026-01-23T17:18:29.620+0000] {processor.py:842} WARNING - No viable dags retrieved from /opt/airflow/dags/ml_training.py
[2026-01-23T17:18:29.648+0000] {processor.py:183} INFO - Processing /opt/airflow/dags/ml_training.py took 0.942 seconds
[2026-01-23T17:19:00.282+0000] {processor.py:161} INFO - Started process (PID=1545) to work on /opt/airflow/dags/ml_training.py
[2026-01-23T17:19:00.283+0000] {processor.py:830} INFO - Processing file /opt/airflow/dags/ml_training.py for tasks to queue
[2026-01-23T17:19:00.285+0000] {logging_mixin.py:188} INFO - [2026-01-23T17:19:00.284+0000] {dagbag.py:538} INFO - Filling up the DagBag from /opt/airflow/dags/ml_training.py
[2026-01-23T17:19:01.147+0000] {processor.py:842} WARNING - No viable dags retrieved from /opt/airflow/dags/ml_training.py
[2026-01-23T17:19:01.168+0000] {processor.py:183} INFO - Processing /opt/airflow/dags/ml_training.py took 0.891 seconds
[2026-01-23T17:19:31.572+0000] {processor.py:161} INFO - Started process (PID=1571) to work on /opt/airflow/dags/ml_training.py
[2026-01-23T17:19:31.573+0000] {processor.py:830} INFO - Processing file /opt/airflow/dags/ml_training.py for tasks to queue
[2026-01-23T17:19:31.578+0000] {logging_mixin.py:188} INFO - [2026-01-23T17:19:31.578+0000] {dagbag.py:538} INFO - Filling up the DagBag from /opt/airflow/dags/ml_training.py
[2026-01-23T17:19:32.427+0000] {processor.py:842} WARNING - No viable dags retrieved from /opt/airflow/dags/ml_training.py
[2026-01-23T17:19:32.449+0000] {processor.py:183} INFO - Processing /opt/airflow/dags/ml_training.py took 0.881 seconds
[2026-01-23T17:20:03.052+0000] {processor.py:161} INFO - Started process (PID=1596) to work on /opt/airflow/dags/ml_training.py
[2026-01-23T17:20:03.053+0000] {processor.py:830} INFO - Processing file /opt/airflow/dags/ml_training.py for tasks to queue
[2026-01-23T17:20:03.054+0000] {logging_mixin.py:188} INFO - [2026-01-23T17:20:03.054+0000] {dagbag.py:538} INFO - Filling up the DagBag from /opt/airflow/dags/ml_training.py
[2026-01-23T17:20:03.995+0000] {processor.py:842} WARNING - No viable dags retrieved from /opt/airflow/dags/ml_training.py
[2026-01-23T17:20:04.014+0000] {processor.py:183} INFO - Processing /opt/airflow/dags/ml_training.py took 0.967 seconds
[2026-01-23T17:20:34.448+0000] {processor.py:161} INFO - Started process (PID=1619) to work on /opt/airflow/dags/ml_training.py
[2026-01-23T17:20:34.449+0000] {processor.py:830} INFO - Processing file /opt/airflow/dags/ml_training.py for tasks to queue
[2026-01-23T17:20:34.451+0000] {logging_mixin.py:188} INFO - [2026-01-23T17:20:34.450+0000] {dagbag.py:538} INFO - Filling up the DagBag from /opt/airflow/dags/ml_training.py
[2026-01-23T17:20:35.418+0000] {processor.py:842} WARNING - No viable dags retrieved from /opt/airflow/dags/ml_training.py
[2026-01-23T17:20:35.449+0000] {processor.py:183} INFO - Processing /opt/airflow/dags/ml_training.py took 1.005 seconds
[2026-01-23T17:21:05.492+0000] {processor.py:161} INFO - Started process (PID=1642) to work on /opt/airflow/dags/ml_training.py
[2026-01-23T17:21:05.494+0000] {processor.py:830} INFO - Processing file /opt/airflow/dags/ml_training.py for tasks to queue
[2026-01-23T17:21:05.495+0000] {logging_mixin.py:188} INFO - [2026-01-23T17:21:05.495+0000] {dagbag.py:538} INFO - Filling up the DagBag from /opt/airflow/dags/ml_training.py
[2026-01-23T17:21:06.375+0000] {processor.py:842} WARNING - No viable dags retrieved from /opt/airflow/dags/ml_training.py
[2026-01-23T17:21:06.394+0000] {processor.py:183} INFO - Processing /opt/airflow/dags/ml_training.py took 0.906 seconds
[2026-01-23T17:21:36.625+0000] {processor.py:161} INFO - Started process (PID=1665) to work on /opt/airflow/dags/ml_training.py
[2026-01-23T17:21:36.627+0000] {processor.py:830} INFO - Processing file /opt/airflow/dags/ml_training.py for tasks to queue
[2026-01-23T17:21:36.628+0000] {logging_mixin.py:188} INFO - [2026-01-23T17:21:36.628+0000] {dagbag.py:538} INFO - Filling up the DagBag from /opt/airflow/dags/ml_training.py
[2026-01-23T17:21:37.446+0000] {processor.py:842} WARNING - No viable dags retrieved from /opt/airflow/dags/ml_training.py
[2026-01-23T17:21:37.465+0000] {processor.py:183} INFO - Processing /opt/airflow/dags/ml_training.py took 0.844 seconds
[2026-01-23T17:22:08.059+0000] {processor.py:161} INFO - Started process (PID=1688) to work on /opt/airflow/dags/ml_training.py
[2026-01-23T17:22:08.060+0000] {processor.py:830} INFO - Processing file /opt/airflow/dags/ml_training.py for tasks to queue
[2026-01-23T17:22:08.062+0000] {logging_mixin.py:188} INFO - [2026-01-23T17:22:08.061+0000] {dagbag.py:538} INFO - Filling up the DagBag from /opt/airflow/dags/ml_training.py
[2026-01-23T17:22:08.870+0000] {processor.py:842} WARNING - No viable dags retrieved from /opt/airflow/dags/ml_training.py
[2026-01-23T17:22:08.889+0000] {processor.py:183} INFO - Processing /opt/airflow/dags/ml_training.py took 0.834 seconds
[2026-01-23T17:22:39.216+0000] {processor.py:161} INFO - Started process (PID=1711) to work on /opt/airflow/dags/ml_training.py
[2026-01-23T17:22:39.217+0000] {processor.py:830} INFO - Processing file /opt/airflow/dags/ml_training.py for tasks to queue
[2026-01-23T17:22:39.218+0000] {logging_mixin.py:188} INFO - [2026-01-23T17:22:39.218+0000] {dagbag.py:538} INFO - Filling up the DagBag from /opt/airflow/dags/ml_training.py
[2026-01-23T17:22:40.022+0000] {processor.py:842} WARNING - No viable dags retrieved from /opt/airflow/dags/ml_training.py
[2026-01-23T17:22:40.044+0000] {processor.py:183} INFO - Processing /opt/airflow/dags/ml_training.py took 0.831 seconds
[2026-01-23T17:23:10.568+0000] {processor.py:161} INFO - Started process (PID=1734) to work on /opt/airflow/dags/ml_training.py
[2026-01-23T17:23:10.569+0000] {processor.py:830} INFO - Processing file /opt/airflow/dags/ml_training.py for tasks to queue
[2026-01-23T17:23:10.570+0000] {logging_mixin.py:188} INFO - [2026-01-23T17:23:10.570+0000] {dagbag.py:538} INFO - Filling up the DagBag from /opt/airflow/dags/ml_training.py
[2026-01-23T17:23:11.405+0000] {processor.py:842} WARNING - No viable dags retrieved from /opt/airflow/dags/ml_training.py
[2026-01-23T17:23:11.426+0000] {processor.py:183} INFO - Processing /opt/airflow/dags/ml_training.py took 0.863 seconds
[2026-01-23T17:23:41.735+0000] {processor.py:161} INFO - Started process (PID=1757) to work on /opt/airflow/dags/ml_training.py
[2026-01-23T17:23:41.736+0000] {processor.py:830} INFO - Processing file /opt/airflow/dags/ml_training.py for tasks to queue
[2026-01-23T17:23:41.737+0000] {logging_mixin.py:188} INFO - [2026-01-23T17:23:41.737+0000] {dagbag.py:538} INFO - Filling up the DagBag from /opt/airflow/dags/ml_training.py
[2026-01-23T17:23:42.605+0000] {processor.py:842} WARNING - No viable dags retrieved from /opt/airflow/dags/ml_training.py
[2026-01-23T17:23:42.631+0000] {processor.py:183} INFO - Processing /opt/airflow/dags/ml_training.py took 0.900 seconds
[2026-01-23T17:24:13.056+0000] {processor.py:161} INFO - Started process (PID=1780) to work on /opt/airflow/dags/ml_training.py
[2026-01-23T17:24:13.057+0000] {processor.py:830} INFO - Processing file /opt/airflow/dags/ml_training.py for tasks to queue
[2026-01-23T17:24:13.058+0000] {logging_mixin.py:188} INFO - [2026-01-23T17:24:13.058+0000] {dagbag.py:538} INFO - Filling up the DagBag from /opt/airflow/dags/ml_training.py
[2026-01-23T17:24:13.905+0000] {processor.py:842} WARNING - No viable dags retrieved from /opt/airflow/dags/ml_training.py
[2026-01-23T17:24:13.924+0000] {processor.py:183} INFO - Processing /opt/airflow/dags/ml_training.py took 0.873 seconds
[2026-01-23T17:24:44.797+0000] {processor.py:161} INFO - Started process (PID=1803) to work on /opt/airflow/dags/ml_training.py
[2026-01-23T17:24:44.798+0000] {processor.py:830} INFO - Processing file /opt/airflow/dags/ml_training.py for tasks to queue
[2026-01-23T17:24:44.800+0000] {logging_mixin.py:188} INFO - [2026-01-23T17:24:44.800+0000] {dagbag.py:538} INFO - Filling up the DagBag from /opt/airflow/dags/ml_training.py
[2026-01-23T17:24:45.859+0000] {processor.py:842} WARNING - No viable dags retrieved from /opt/airflow/dags/ml_training.py
[2026-01-23T17:24:45.880+0000] {processor.py:183} INFO - Processing /opt/airflow/dags/ml_training.py took 1.088 seconds
[2026-01-23T17:25:16.102+0000] {processor.py:161} INFO - Started process (PID=1826) to work on /opt/airflow/dags/ml_training.py
[2026-01-23T17:25:16.104+0000] {processor.py:830} INFO - Processing file /opt/airflow/dags/ml_training.py for tasks to queue
[2026-01-23T17:25:16.105+0000] {logging_mixin.py:188} INFO - [2026-01-23T17:25:16.104+0000] {dagbag.py:538} INFO - Filling up the DagBag from /opt/airflow/dags/ml_training.py
[2026-01-23T17:25:17.089+0000] {processor.py:842} WARNING - No viable dags retrieved from /opt/airflow/dags/ml_training.py
[2026-01-23T17:25:17.111+0000] {processor.py:183} INFO - Processing /opt/airflow/dags/ml_training.py took 1.013 seconds
[2026-01-23T17:25:47.441+0000] {processor.py:161} INFO - Started process (PID=1849) to work on /opt/airflow/dags/ml_training.py
[2026-01-23T17:25:47.443+0000] {processor.py:830} INFO - Processing file /opt/airflow/dags/ml_training.py for tasks to queue
[2026-01-23T17:25:47.445+0000] {logging_mixin.py:188} INFO - [2026-01-23T17:25:47.444+0000] {dagbag.py:538} INFO - Filling up the DagBag from /opt/airflow/dags/ml_training.py
[2026-01-23T17:25:48.397+0000] {processor.py:842} WARNING - No viable dags retrieved from /opt/airflow/dags/ml_training.py
[2026-01-23T17:25:48.417+0000] {processor.py:183} INFO - Processing /opt/airflow/dags/ml_training.py took 0.980 seconds
[2026-01-23T17:26:18.805+0000] {processor.py:161} INFO - Started process (PID=1872) to work on /opt/airflow/dags/ml_training.py
[2026-01-23T17:26:18.806+0000] {processor.py:830} INFO - Processing file /opt/airflow/dags/ml_training.py for tasks to queue
[2026-01-23T17:26:18.807+0000] {logging_mixin.py:188} INFO - [2026-01-23T17:26:18.807+0000] {dagbag.py:538} INFO - Filling up the DagBag from /opt/airflow/dags/ml_training.py
[2026-01-23T17:26:19.718+0000] {processor.py:842} WARNING - No viable dags retrieved from /opt/airflow/dags/ml_training.py
[2026-01-23T17:26:19.738+0000] {processor.py:183} INFO - Processing /opt/airflow/dags/ml_training.py took 0.938 seconds
[2026-01-23T17:26:50.212+0000] {processor.py:161} INFO - Started process (PID=1895) to work on /opt/airflow/dags/ml_training.py
[2026-01-23T17:26:50.213+0000] {processor.py:830} INFO - Processing file /opt/airflow/dags/ml_training.py for tasks to queue
[2026-01-23T17:26:50.215+0000] {logging_mixin.py:188} INFO - [2026-01-23T17:26:50.215+0000] {dagbag.py:538} INFO - Filling up the DagBag from /opt/airflow/dags/ml_training.py
[2026-01-23T17:26:51.253+0000] {processor.py:842} WARNING - No viable dags retrieved from /opt/airflow/dags/ml_training.py
[2026-01-23T17:26:51.274+0000] {processor.py:183} INFO - Processing /opt/airflow/dags/ml_training.py took 1.068 seconds
[2026-01-23T17:27:21.607+0000] {processor.py:161} INFO - Started process (PID=1918) to work on /opt/airflow/dags/ml_training.py
[2026-01-23T17:27:21.608+0000] {processor.py:830} INFO - Processing file /opt/airflow/dags/ml_training.py for tasks to queue
[2026-01-23T17:27:21.609+0000] {logging_mixin.py:188} INFO - [2026-01-23T17:27:21.609+0000] {dagbag.py:538} INFO - Filling up the DagBag from /opt/airflow/dags/ml_training.py
[2026-01-23T17:27:22.536+0000] {processor.py:842} WARNING - No viable dags retrieved from /opt/airflow/dags/ml_training.py
[2026-01-23T17:27:22.555+0000] {processor.py:183} INFO - Processing /opt/airflow/dags/ml_training.py took 0.952 seconds
[2026-01-23T17:27:53.008+0000] {processor.py:161} INFO - Started process (PID=1941) to work on /opt/airflow/dags/ml_training.py
[2026-01-23T17:27:53.010+0000] {processor.py:830} INFO - Processing file /opt/airflow/dags/ml_training.py for tasks to queue
[2026-01-23T17:27:53.012+0000] {logging_mixin.py:188} INFO - [2026-01-23T17:27:53.011+0000] {dagbag.py:538} INFO - Filling up the DagBag from /opt/airflow/dags/ml_training.py
[2026-01-23T17:27:54.239+0000] {processor.py:842} WARNING - No viable dags retrieved from /opt/airflow/dags/ml_training.py
[2026-01-23T17:27:54.268+0000] {processor.py:183} INFO - Processing /opt/airflow/dags/ml_training.py took 1.265 seconds
